pValue,smiles,data
7.54,O=C(c1ccc(OCCN2CCCCC2)cc1)N1c2ccc(O)cc2CCC1c1ccccc1,ERalpha_ki
8.77,Oc1ccc2c(c1)CCC(c1ccccc1)N2Cc1ccc(OCCN2CCCCC2)cc1,ERalpha_ki
6.77,Oc1ccc(C2CCc3cc(O)ccc3N2)cc1,ERalpha_ki
8.96,Oc1ccc(C2CCc3cc(O)ccc3N2Cc2ccc(OCCN3CCCC3)cc2)cc1,ERalpha_ki
9.22,Oc1cccc(C2CCc3cc(O)ccc3N2Cc2ccc(OCCN3CCCCC3)cc2)c1,ERalpha_ki
7.06,O=C(c1ccc(OCCN2CCCCC2)cc1)N1c2ccc(O)cc2CCC1c1ccc(O)cc1,ERalpha_ki
9.05,Oc1ccc(C2CCc3cc(O)ccc3N2c2ccc(OCCN3CCCC3)cc2)cc1,ERalpha_ki
6.51,Oc1ccc(-c2ccc3cc(O)ccc3n2)cc1,ERalpha_ki
9.3,CCC(=C(c1ccc(O)cc1)c1ccc(OCCN(C)C)cc1)c1ccccc1,ERalpha_ki
7.43,O=C(c1ccc(OCCN2CCCCC2)cc1)N1c2ccc(O)cc2CCC1c1cccc(O)c1,ERalpha_ki
9.22,Oc1ccc(C2CCc3cc(O)ccc3N2Cc2ccc(OCCN3CCCCC3)cc2)cc1,ERalpha_ki
8.6,Oc1ccc(C2CCc3cc(O)ccc3N2c2ccc(OCCN3CCCCC3)cc2)cc1,ERalpha_ki
7.89,C[C@@]12CCc3c(sc4cc(O)ccc34)[C@H]1CC[C@H]2O,ERalpha_ki
8.1,C[C@]12CCc3c(ccc4cc(O)ccc34)[C@@H]1CC[C@H]2O,ERalpha_ki
8,C[C@]12CCc3c(sc4cc(O)ccc34)[C@H]1CC[C@@H]2O,ERalpha_ki
7.62,C[C@@]12CCc3c(sc4cc(O)ccc34)[C@@H]1CC[C@H]2O,ERalpha_ki
7.64,C[C@]12CCc3c(sc4cc(O)ccc34)[C@@H]1CC[C@H]2O,ERalpha_ki
8.4,C[C@]12CCc3c(sc4cc(O)ccc34)[C@@H]1CC[C@@H]2O,ERalpha_ki
6.8,Cc1cc(-c2cc(-c3ccccc3)cc(N(C)CCc3ccccc3)n2)ccc1O,ERalpha_ki
6.42,Cc1cc(-c2cc(-c3ccccc3)cc(N(C)Cc3ccccc3)n2)ccc1O,ERalpha_ki
5.7,CCOCCN(CCOCC)c1cc(-c2ccccc2)cc(-c2ccc(O)c(C)c2)n1,ERalpha_ki
6.18,CCCCN(C)c1cc(-c2ccccc2)cc(-c2ccc(O)c(C)c2)n1,ERalpha_ki
6.35,Cc1cc(-c2cc(-c3ccccc3)cc(N(C)Cc3cccc4ccccc34)n2)ccc1O,ERalpha_ki
6.21,CC(C)CN(C)c1cc(-c2ccccc2)cc(-c2ccc(O)cc2)n1,ERalpha_ki
6.89,Cc1cc(-c2cc(-c3ccccc3)cc(N(CCc3ccccc3)Cc3ccccc3)n2)ccc1O,ERalpha_ki
6.31,CN(CCc1ccccc1)c1cc(-c2ccccc2)cc(-c2ccc(O)cc2)n1,ERalpha_ki
7.16,CCCN(Cc1ccccn1)c1cc(-c2ccccc2)cc(-c2ccc(O)c(C)c2)n1,ERalpha_ki
9.4,Cc1cc(-n2ncc(=O)[nH]c2=O)ccc1C(=O)c1ccccc1Cl,ERalpha_ki
7.7,Cc1cc(-c2cc(-c3ccccc3)cc(N3CCC(Cc4ccccc4)CC3)n2)ccc1O,ERalpha_ki
5.9,Cc1cc(-c2cc(-c3ccccc3)cc(N(C)CCc3ccccn3)n2)ccc1O,ERalpha_ki
6.08,CCN(Cc1ccncc1)c1cc(-c2ccccc2)cc(-c2ccc(O)c(C)c2)n1,ERalpha_ki
6.19,Cc1ccccc1-c1cc(-c2ccc(O)cc2)nc(N(C)CCc2ccccc2)c1,ERalpha_ki
6.68,Cc1cc(-c2cc(-c3ccccc3)cc(N(C)CC(C)C)n2)ccc1O,ERalpha_ki
6.75,CCCN(Cc1ccccn1)c1cc(-c2ccccc2)cc(-c2ccc(O)cc2)n1,ERalpha_ki
6.57,CN1CCN(c2nc(NCCc3ccc(O)cc3)nc(SCCCc3ccccc3)n2)CC1,ERalpha_ki
6.09,CN(CCCc1ccc(Cl)cc1)c1nc(NCCc2ccc(O)cc2)nc(N2CCN(Cc3ccncc3)CC2)n1,ERalpha_ki
6.07,CN(CCCc1ccc(Cl)cc1)c1nc(NCCc2ccc(O)cc2)nc(N2CCN(C(=O)Nc3ccc(Cl)cc3)CC2)n1,ERalpha_ki
5.62,Oc1ccc(CCNc2nc(NCCc3ccccc3)nc(N3CCNCC3)n2)cc1,ERalpha_ki
6.32,CN(CCCc1ccc(C(F)(F)F)cc1)c1nc(NCCc2ccc(O)cc2)nc(N2CCNCC2)n1,ERalpha_ki
5.52,CN(C)C(=O)CN1CCN(c2nc(NCCc3ccc(O)cc3)nc(N(C)CCCc3ccc(Cl)cc3)n2)CC1,ERalpha_ki
5.29,CN1CCN(c2nc(NCCCc3ccccc3)nc(NCc3ccc(O)cc3)n2)CC1,ERalpha_ki
6.7,Oc1ccc(CCNc2nc(NCCCc3ccc(Cl)cc3)nc(N3CCNCC3)n2)cc1,ERalpha_ki
6.84,CN1CCN(c2nc(NCCc3ccc(O)cc3)nc(N(C)CCCc3ccc(Cl)cc3)n2)CC1,ERalpha_ki
6.32,CN(CCCc1ccc(Cl)cc1)c1nc(NCCc2ccc(O)cc2)nc(N2CCN(Cc3cccnc3)CC2)n1,ERalpha_ki
6,CN1CCN(c2nc(NCCCc3ccccc3)nc(NC3CCc4cc(O)ccc4C3)n2)CC1,ERalpha_ki
6.7,CN(CCCc1ccc(F)c(F)c1)c1nc(NCCc2ccc(O)cc2)nc(N2CCNCC2)n1,ERalpha_ki
5.2,CN(CCCc1ccc(Cl)cc1)c1nc(NCCc2ccc(O)cc2)nc(N2CCN(c3ccccc3)CC2)n1,ERalpha_ki
5.69,CN(CCCc1ccc(Cl)cc1)c1nc(NCCc2ccc(O)cc2)nc(N2CCN(CC(=O)c3ccccc3)CC2)n1,ERalpha_ki
6.24,CN(CCCc1ccc(C#N)cc1)c1nc(NCCc2ccc(O)cc2)nc(N2CCNCC2)n1,ERalpha_ki
5.63,CN(CCCc1ccc(Cl)cc1)c1nc(NCCc2ccc(O)cc2)nc(N2CCN(C(=O)N3CCOCC3)CC2)n1,ERalpha_ki
5.84,CN(CCCc1ccc(Cl)cc1)c1nc(NCCc2ccc(O)cc2)nc(N2CCN(S(=O)(=O)Cc3ccccc3)CC2)n1,ERalpha_ki
5.94,Cc1ccc(CCCN(C)c2nc(NCCc3ccc(O)cc3)nc(N3CCNCC3)n2)cc1,ERalpha_ki
6.24,CN(CCCc1ccc(Cl)cc1)c1nc(NCCc2ccc(O)cc2)nc(N2CCN(C(=O)COc3ccccc3)CC2)n1,ERalpha_ki
5.62,CN1CCN(c2nc(NCCc3ccc(O)cc3)nc(OCCCc3ccccc3)n2)CC1,ERalpha_ki
6.52,CN(CCCc1ccc(Cl)cc1)c1nc(NCCc2ccc(O)cc2)nc(N2CCNCC2)n1,ERalpha_ki
6.08,CCN(CCCc1ccc(Cl)cc1)c1nc(NCCc2ccc(O)cc2)nc(N2CCNCC2)n1,ERalpha_ki
6.38,CN1CCN(c2nc(NCCCCc3ccccc3)nc(NCCc3ccc(O)cc3)n2)CC1,ERalpha_ki
5.64,CN(CCCc1ccc(Cl)cc1)c1nc(NCCc2ccc(O)cc2)nc(N2C[C@@H]3C[C@H]2CN3)n1,ERalpha_ki
5.95,COc1ccc(C(=O)N2CCN(c3nc(NCCc4ccc(O)cc4)nc(N(C)CCCc4ccc(Cl)cc4)n3)CC2)cc1,ERalpha_ki
6.6,CCC(=O)CCN1CCN(c2nc(NCCc3ccc(O)cc3)nc(N(C)CCCc3ccc(Cl)cc3)n2)CC1,ERalpha_ki
6.9,CN(CCCc1ccc(Cl)cc1Cl)c1nc(NCCc2ccc(O)cc2)nc(N2CCNCC2)n1,ERalpha_ki
5.85,CN(CCCC1CCCCC1)c1nc(NCCc2ccc(O)cc2)nc(N2CCNCC2)n1,ERalpha_ki
5.98,CN(CCCc1ccc(Cl)cc1)c1nc(NCCc2ccc(O)cc2)nc(N2CCN(C(=O)CCc3ccccc3)CC2)n1,ERalpha_ki
6.42,CN(CCCc1ccc(F)cc1)c1nc(NCCc2ccc(O)cc2)nc(N2CCNCC2)n1,ERalpha_ki
6.25,CN(CCCc1ccc2c(c1)OCO2)c1nc(NCCc2ccc(O)cc2)nc(N2CCNCC2)n1,ERalpha_ki
5.91,CN(C[C@@H]1C[C@@H]1c1ccccc1)c1nc(NCCc2ccc(O)cc2)nc(N2CCNCC2)n1,ERalpha_ki
6.75,CN(CCCc1ccc(Cl)cc1)c1nc(NCCc2ccc(O)cc2)nc(N2CCN(C3CCCC3)CC2)n1,ERalpha_ki
5.99,CN(CCCc1ccc(Cl)cc1)c1nc(NCCc2ccc(O)cc2)nc(N2CCN(CC(=O)C(C)(C)C)CC2)n1,ERalpha_ki
6.19,Cc1nc(CN2CCN(c3nc(NCCc4ccc(O)cc4)nc(N(C)CCCc4ccc(Cl)cc4)n3)CC2)cs1,ERalpha_ki
6.44,C=CCN1CCN(c2nc(NCCc3ccc(O)cc3)nc(N(C)CCCc3ccc(Cl)cc3)n2)CC1,ERalpha_ki
5.49,CN1CCN(c2nc(NCCCc3ccccc3)nc(NCCc3ccc(O)cc3)n2)CC1,ERalpha_ki
6.17,CN(CCCc1ccccc1Cl)c1nc(NCCc2ccc(O)cc2)nc(N2CCNCC2)n1,ERalpha_ki
6.17,CN(CCCc1ccc(Cl)cc1)c1nc(NCCc2ccc(O)cc2)nc(N2CCN(Cc3ccccn3)CC2)n1,ERalpha_ki
6.4,CN(CCCc1ccc(Cl)cc1)c1nc(NCCc2ccc(O)cc2)nc(N2CCN(CCO)CC2)n1,ERalpha_ki
6.24,Oc1ccc(CCNc2nc(SCCOc3ccc(Cl)cc3)nc(N3CCNCC3)n2)cc1,ERalpha_ki
6,CN(CCOc1ccc(Cl)cc1)c1nc(NCCc2ccc(O)cc2)nc(N2CCNCC2)n1,ERalpha_ki
5.89,CN(CCCc1ccc(Cl)cc1)c1nc(NCCc2ccc(O)cc2)nc(N2CCN(S(=O)(=O)/C=C/c3ccccc3)CC2)n1,ERalpha_ki
5.16,Oc1ccc(CCNc2nc(NC/C=C/c3ccccc3)nc(N3CCNCC3)n2)cc1,ERalpha_ki
6.8,Oc1ccc(CCNc2nc(SCCCc3ccc(Cl)cc3)nc(N3CCNCC3)n2)cc1,ERalpha_ki
5.86,Oc1ccc(CCNc2nc(NCCCc3ccccc3)nc(N3CCNCC3)n2)cc1,ERalpha_ki
7.22,C[C@@H]1CN(c2nc(NCCc3ccc(O)cc3)nc(N(C)CCCc3ccc(Cl)cc3)n2)C[C@H](C)N1,ERalpha_ki
6.92,CN(CCCc1ccc(Cl)cc1)c1nc(NCCc2ccc(O)cc2)nc(N2CCN(Cc3ccccc3)CC2)n1,ERalpha_ki
8.43,CNc1c(/C=N/O)ccc(-c2ccccc2)c1-c1ccccc1,ERalpha_ki
8.96,O/N=C/c1ccc(-c2ccccc2)c(-c2ccccc2)c1O,ERalpha_ki
9.33,CCNc1c(/C=N/O)ccc(-c2ccccc2)c1-c1ccccc1,ERalpha_ki
8.66,Nc1c(/C=N/O)ccc(-c2ccccc2)c1-c1ccccc1,ERalpha_ki
9.82,O/N=C/c1ccc(-c2ccccc2)c(-c2ccccc2)c1,ERalpha_ki
7.47,CCCc1c(-c2ccc(O)cc2)oc(-c2ccc(O)cc2)c1-c1ccc(OCCN2CCCCC2)cc1,ERalpha_ki
7.12,CCc1c(-c2ccc(O)cc2)oc(-c2ccc(O)cc2)c1-c1ccc(OCCN2CCCCC2)cc1,ERalpha_ki
8.6,CCc1c(-c2ccc(O)cc2)oc(-c2ccc(O)cc2)c1-c1ccc(OC)cc1,ERalpha_ki
7.5,Cc1c(-c2ccc(O)cc2)oc(-c2ccc(O)cc2)c1-c1ccc(OCCN2CCCCC2)cc1,ERalpha_ki
9.44,CCc1c(-c2ccc(OCCN3CCCCC3)cc2)oc(-c2ccc(O)cc2)c1-c1ccc(O)cc1,ERalpha_ki
8.42,CCc1c(-c2ccc(O)cc2)oc(-c2ccccc2)c1-c1ccc(OCCN2CCCCC2)cc1,ERalpha_ki
7.22,CCc1c(-c2ccccc2)oc(-c2ccc(O)cc2)c1-c1ccc(OCCN2CCCCC2)cc1,ERalpha_ki
9.55,Oc1ccc2c(c1)CN(c1ccc(OCCN3CCCCC3)cc1)c1c-2ccc2cc(O)ccc12,ERalpha_ki
6.54,C=C(C)c1ccc2c(c1)c(-c1ccc(OCCN3CCCCC3)cc1)cc1cc(O)cc(C)c12,ERalpha_ki
6.68,CC(C)=C(C)c1ccc2c(c1)c(-c1ccc(OCCN3CCCCC3)cc1)cc1cc(O)cc(C)c12,ERalpha_ki
6.31,Cc1cc(O)cc2cc(-c3ccc(OCCN4CCCCC4)cc3)c3cc(C(=O)C(C)C)ccc3c12,ERalpha_ki
6.92,Cc1cc(O)cc2cc(-c3ccc(OCCN4CCCCC4)cc3)c3cc(C(C)O)ccc3c12,ERalpha_ki
8.06,CCc1ccc2c(c1)C(c1ccc(OCCN3CCCCC3)cc1)Cc1cc(O)cc(C)c1-2,ERalpha_ki
8.41,O=C(c1ccc(OCCN2CCCCC2)cc1)c1oc2cc(O)ccc2c(=O)c1-c1ccc(O)cc1,ERalpha_ki
6.58,COc1ccc(/C=C/c2cc(OC)cc(OC)c2)cc1,ERalpha_ki
6.42,CCOc1ccc(/C=C/c2cc(OC)cc(OC)c2)cc1,ERalpha_ki
6.11,Oc1ccc(/C=C/c2cc(O)cc(O)c2)cc1,ERalpha_ki
6.88,COc1ccc(/C=C\c2cc(OC)cc(OC)c2)cc1,ERalpha_ki
6.87,CCOc1ccc(/C=C\c2cc(OC)cc(OC)c2)cc1,ERalpha_ki
8,C#C[C@]1(O)CC[C@H]2[C@@H]3CCC4=CC(=O)CCC4=C3[C@@H](c3ccc(N(C)CCOC4CC[C@@]5(C)[C@@H](C4)C[C@@H](O)[C@@H]4[C@@H]5C[C@H](O)[C@]5(C)[C@@H]([C@H](C)CCC(=O)NCCS(=O)(=O)O)CC[C@@H]45)cc3)C[C@@]21C,ERalpha_ki
7.47,C#C[C@]1(O)CC[C@H]2[C@@H]3CCC4=CC(=O)CCC4=C3[C@@H](c3ccc(N(C)C(C)=O)cc3)C[C@@]21C,ERalpha_ki
7.14,C#C[C@]1(O)CC[C@H]2[C@@H]3CCC4=CC(=O)CCC4=C3[C@@H](c3ccc(N(C)C(=O)CC[C@H](NC(=O)CC[C@@H](C)[C@H]4CC[C@H]5[C@@H]6[C@H](O)C[C@@H]7C[C@H](O)CC[C@]7(C)[C@H]6C[C@H](O)[C@]45C)C(=O)O)cc3)C[C@@]21C,ERalpha_ki
7.96,C#C[C@]1(O)CC[C@H]2[C@@H]3CCC4=CC(=O)CCC4=C3[C@@H](c3ccc(N(C)C(=O)CNC(=O)OC4CC[C@@]5(C)[C@@H](C4)C[C@@H](O)[C@@H]4[C@@H]5C[C@H](O)[C@]5(C)[C@@H]([C@H](C)CCC(=O)O)CC[C@@H]45)cc3)C[C@@]21C,ERalpha_ki
7.96,C#C[C@]1(O)CC[C@H]2[C@@H]3CCC4=CC(=O)CCC4=C3[C@@H](c3ccc(N(C)CCOC4CC[C@@]5(C)[C@@H](C4)C[C@@H](O)[C@@H]4[C@@H]5C[C@H](O)[C@]5(C)[C@@H]([C@H](C)CCC(=O)O)CC[C@@H]45)cc3)C[C@@]21C,ERalpha_ki
8.21,C#C[C@]1(O)CC[C@H]2[C@@H]3CCC4=CC(=O)CCC4=C3[C@@H](c3ccc(N(C)CCCC(=O)N(C)C4CC[C@@]5(C)[C@@H](C4)C[C@@H](O)[C@@H]4[C@@H]5C[C@H](O)[C@]5(C)[C@@H]([C@H](C)CCC(=O)O)CC[C@@H]45)cc3)C[C@@]21C,ERalpha_ki
6.85,C#C[C@]1(O)CC[C@H]2[C@@H]3CCC4=CC(=O)CCC4=C3[C@@H](c3ccc(N(C)CCNC(=O)N(C)C4CC[C@@]5(C)[C@@H](C4)C[C@@H](O)[C@@H]4[C@@H]5C[C@H](O)[C@]5(C)[C@@H]([C@H](C)CCC(=O)O)CC[C@@H]45)cc3)C[C@@]21C,ERalpha_ki
7.72,C#C[C@]1(O)CC[C@H]2[C@@H]3CCC4=CC(=O)CCC4=C3[C@@H](c3ccc(N(C)CCCS(=O)(=O)N(C)C4CC[C@@]5(C)[C@@H](C4)C[C@@H](O)[C@@H]4[C@@H]5C[C@H](O)[C@]5(C)[C@@H]([C@H](C)CCC(=O)O)CC[C@@H]45)cc3)C[C@@]21C,ERalpha_ki
8.06,C#C[C@]1(O)CC[C@H]2[C@@H]3CCC4=CC(=O)CCC4=C3[C@@H](c3ccc(N(C)CCCOC4CC[C@@]5(C)[C@@H](C4)C[C@@H](O)[C@@H]4[C@@H]5C[C@H](O)[C@]5(C)[C@@H]([C@H](C)CCC(=O)O)CC[C@@H]45)cc3)C[C@@]21C,ERalpha_ki
7.85,C#C[C@]1(O)CC[C@H]2[C@@H]3CCC4=CC(=O)CCC4=C3[C@@H](c3ccc(N(C)CCOCCO[C@H]4CC[C@@]5(C)[C@@H](C4)C[C@@H](O)[C@@H]4[C@@H]5C[C@H](O)[C@]5(C)[C@@H]([C@H](C)CCC(=O)O)CC[C@@H]45)cc3)C[C@@]21C,ERalpha_ki
7.34,C#C[C@]1(O)CC[C@H]2[C@@H]3CCC4=CC(=O)CCC4=C3[C@@H](c3ccc(N(C)CCC[C@H]4[C@H](O)CC[C@@]5(C)[C@@H]4C[C@@H](O)[C@@H]4[C@@H]5C[C@H](O)[C@]5(C)[C@@H]([C@H](C)CCC(=O)O)CC[C@@H]45)cc3)C[C@@]21C,ERalpha_ki
7.03,C#C[C@]1(O)CC[C@H]2[C@@H]3CCC4=CC(=O)CCC4=C3[C@@H](c3ccc(N(C)C(=O)CNC(=O)O[C@@H]4C[C@@H]5CC(O)CC[C@]5(C)[C@H]5C[C@H](O)[C@]6(C)[C@@H]([C@H](C)CCC(=O)O)CC[C@H]6[C@H]45)cc3)C[C@@]21C,ERalpha_ki
6.9,CCc1nc2cc(O)ccc2c(Oc2ccc(/C=C/C(=O)O)cc2)c1-c1ccccc1,ERalpha_ki
7.8,CCc1nc2cc(O)ccc2c(Oc2ccc(/C=C/C(N)=O)cc2)c1-c1ccccc1,ERalpha_ki
8,CCc1nc2cc(O)ccc2c(Oc2ccc(/C=C/C(=O)NC(C)C)cc2)c1-c1ccccc1,ERalpha_ki
8,CCc1nc2cc(O)ccc2c(Oc2ccc(/C=C/C(=O)N(C)C)cc2)c1-c1ccccc1,ERalpha_ki
7.6,CCc1nc2cc(O)ccc2c(Oc2ccc(/C=C/C(=O)N3CCCCC3)cc2)c1-c1ccccc1,ERalpha_ki
5.5,O=C(O)/C=C/c1ccc(Oc2c(-c3ccccc3)c(-c3ccccc3)nc3cc(O)ccc23)cc1,ERalpha_ki
7,CCc1nc2cc(O)ccc2c(Oc2ccc(/C=C/C(=O)O)cc2)c1-c1cccc(C(F)(F)F)c1,ERalpha_ki
5.8,CCc1nc2cc(O)ccc2c(Oc2cccc(/C=C/C(=O)O)c2)c1-c1ccccc1,ERalpha_ki
8.1,CCc1nc2cc(O)ccc2c(Oc2ccc(OCCN(C)C)cc2)c1-c1ccccc1,ERalpha_ki
8.6,CC/C(=C(\c1ccc(O)cc1)c1ccc(/C=C/C(=O)O)cc1)c1ccccc1,ERalpha_ki
8.77,Oc1ccc(C2=C(c3ccc(OCCN4CCCCC4)cc3)c3ccc(O)cc3C2)cc1,ERalpha_ki
8.38,NC(=O)c1ccc(C2=C(c3ccc(O)cc3)Cc3cc(O)ccc32)cc1,ERalpha_ki
8.14,CC(=O)c1ccc(C2=C(c3ccc(O)cc3)Cc3cc(O)ccc32)cc1,ERalpha_ki
9.52,Cl.Oc1ccc2c3c(ccc2c1)-c1cc(F)cc(F)c1O[C@H]3c1ccc(OCCN2CCCCC2)cc1,ERalpha_ki
8.57,Oc1ccc([C@H]2Oc3ccc(O)cc3[C@H]3CCC[C@H]32)cc1,ERalpha_ki
7.84,Oc1ccc([C@H]2Oc3ccc(O)cc3[C@H]3CCC[C@H]32)cc1,ERalpha_ki
6.58,Oc1ccc(-c2c(-c3ccc(OCCN4CCCCC4)cc3)nn3c(C(F)(F)F)cc(C(F)(F)F)nc23)cc1,ERalpha_ki
6.39,CN(C)CCOc1ccc(-c2nn3c(C(F)(F)F)cc(C(F)(F)F)nc3c2-c2ccc(O)cc2)cc1,ERalpha_ki
5.48,Oc1ccc(-c2nn3cc(O)cnc3c2-c2ccc(O)cc2)cc1,ERalpha_ki
7.29,Oc1ccc(-c2nn3c(C(F)(F)F)cc(C(F)(F)F)nc3c2-c2ccccc2)cc1,ERalpha_ki
5.65,Oc1ccc(-c2c(-c3ccccc3)nn3c(C(F)(F)F)cc(C(F)(F)F)nc23)cc1,ERalpha_ki
9.4,CN(C)S(=O)(=O)c1ccc(-c2ccc3cc(O)ccc3c2Oc2ccc(OCCN3CCCCC3)cc2)cc1,ERalpha_ki
8.96,CS(=O)(=O)C1CC=C(c2ccc3cc(O)ccc3c2Oc2ccc(OCCN3CCCCC3)cc2)CC1,ERalpha_ki
8.72,O=S1(=O)CCC(c2ccc3cc(O)ccc3c2Oc2ccc(OCCN3CCCCC3)cc2)CC1,ERalpha_ki
8.99,O=S1(=O)CC=C(c2ccc3cc(O)ccc3c2Oc2ccc(OCCN3CCCCC3)cc2)CC1,ERalpha_ki
9.7,Oc1ccc2c(Oc3ccc(OCCN4CCCCC4)cc3)c(-c3ccc(F)c(F)c3)ccc2c1,ERalpha_ki
9.74,Oc1ccc2c(Oc3ccc(OCCN4CCCCC4)cc3)c(-c3cccc(F)c3)ccc2c1,ERalpha_ki
9.62,Oc1ccc2c(Oc3ccc(OCCN4CCCCC4)cc3)c(-c3ccc(F)cc3)ccc2c1,ERalpha_ki
9.24,CN(C)C(=O)c1ccc(-c2ccc3cc(O)ccc3c2Oc2ccc(OCCN3CCCCC3)cc2)cc1,ERalpha_ki
9.49,Oc1ccc(-c2ccc3cc(O)ccc3c2Oc2ccc(OCCN3CCCCC3)cc2)cc1,ERalpha_ki
9.68,Oc1cccc(-c2ccc3cc(O)ccc3c2Oc2ccc(OCCN3CCCCC3)cc2)c1,ERalpha_ki
9.62,N#Cc1cccc(-c2ccc3cc(O)ccc3c2Oc2ccc(OCCN3CCCCC3)cc2)c1,ERalpha_ki
9.14,CC(C)S(=O)(=O)c1ccc(-c2ccc3cc(O)ccc3c2Oc2ccc(OCCN3CCCCC3)cc2)cc1,ERalpha_ki
8.91,CCS(=O)(=O)c1ccc(-c2ccc3cc(O)ccc3c2Oc2ccc(OCCN3CCCCC3)cc2)cc1,ERalpha_ki
9.33,CS(=O)(=O)c1ccc(-c2ccc3cc(O)ccc3c2Oc2ccc(OCCN3CCCCC3)cc2)cc1,ERalpha_ki
10.04,CC(C)c1ccc(-c2sc3cc(O)ccc3c2Oc2ccc(OCCN3CCCCC3)cc2)cc1,ERalpha_ki
9.32,CCS(=O)(=O)c1ccc(-c2sc3cc(O)ccc3c2Oc2ccc(OCCN3CCCCC3)cc2)cc1,ERalpha_ki
6.9,Oc1ccc([C@@H]2CCc3cc(O)ccc3O2)cc1,ERalpha_ki
8.54,Oc1ccc([C@H]2Oc3ccc(O)cc3[C@H]3CCCC[C@H]32)cc1,ERalpha_ki
8.21,Oc1ccc([C@H]2Oc3ccc(O)cc3[C@H]3CCCCC[C@H]32)cc1,ERalpha_ki
6.57,Oc1ccc2c(c1)[C@H]1CCC[C@H]1[C@@H](c1ccccc1)O2,ERalpha_ki
7.19,Oc1cccc([C@H]2Oc3ccc(O)cc3[C@H]3CCC[C@H]32)c1,ERalpha_ki
7.4,Oc1ccc([C@H]2Oc3ccccc3[C@H]3CCC[C@H]32)cc1,ERalpha_ki
9.46,Oc1ccc([C@H]2Oc3cccc(O)c3[C@H]3CCC[C@H]32)cc1,ERalpha_ki
7.39,Oc1ccc([C@H]2Oc3cc(O)ccc3[C@H]3CCC[C@H]32)cc1,ERalpha_ki
6.72,CC[C@H](C)[C@H](NC(=O)[C@H](CCCCN)NC(=O)[C@H](Cc1c[nH]cn1)NC(=O)[C@H](CCCNC(=N)N)NC(=O)[C@H](CCC(=O)O)NC(=O)[C@@H](NC(=O)[C@@H](N)CC(C)C)[C@@H](C)O)C(=O)N[C@@H](CC(C)C)C(=O)N[C@@H](Cc1c[nH]cn1)C(=O)N[C@@H](CCCNC(=N)N)C(=O)N[C@@H](CC(C)C)C(=O)N[C@@H](CC(C)C)C(=O)N[C@@H](CCC(N)=O)C(=O)N[C@@H](CCC(=O)O)C(=O)NCC(=O)N[C@@H](CO)C(=O)N1CCC[C@H]1C(=O)N[C@@H](CO)C(=O)N[C@@H](CC(=O)O)C(=O)O,ERalpha_ki
4.42,COC(=O)C(CC1(C)CC2CCC1CC2C(C)(C)CCNC(=O)CCC(C)C)NC(=O)OCc1ccccc1,ERalpha_ki
5.1,COC(=O)C(=CC1(C)CC2C=CC1CC2C(C)(C)CCNC(=O)CCC(C)C)C(=O)OC,ERalpha_ki
4.5,COC(=O)C(N)CC1(C)CC2CCC1CC2C(C)(C)CCNC(=O)CCC(C)C,ERalpha_ki
4.92,COC(=O)C(CC1(C)CC2CCC1CC2C(C)(C)CCNC(=O)CCC(C)C)C(=O)O,ERalpha_ki
5.15,COC(=O)C(CC1(C)CC2CCC1CC2C(C)(C)CCNC(=O)CCC(C)C)C(=O)OC,ERalpha_ki
8.48,C[C@@H]1C[C@H]2[C@@H](C1)c1cc(O)ccc1O[C@H]2c1ccc(O)cc1,ERalpha_ki
7.91,Oc1ccc([C@@H]2Oc3ccc(O)cc3[C@@H]3C[C@H](C(F)(F)F)C[C@@H]32)cc1,ERalpha_ki
8.14,Oc1ccc([C@@H]2Oc3ccc(O)cc3[C@@H]3C[C@@H](C(F)(F)F)C[C@@H]32)cc1,ERalpha_ki
8.08,Oc1ccc([C@H]2Oc3ccc(O)cc3[C@H]3CC(F)(F)C[C@H]32)cc1,ERalpha_ki
6.39,O=C1CC[C@@H]2c3cc(O)ccc3O[C@H](c3ccc(O)cc3)[C@@H]2C1,ERalpha_ki
6.16,O=C1C[C@H]2[C@@H](C1)c1cc(O)ccc1O[C@H]2c1ccc(O)cc1,ERalpha_ki
6.83,OCc1cc(O)cc2c1O[C@@H](c1ccc(O)cc1)[C@H]1CCC[C@@H]21,ERalpha_ki
7.57,CCOCc1cc(O)cc2c1O[C@@H](c1ccc(O)cc1)[C@H]1CCC[C@@H]21,ERalpha_ki
7.96,COCc1cc(O)cc2c1O[C@H](c1ccc(O)cc1)[C@@H]1CCC[C@H]21,ERalpha_ki
8.55,Cc1cc(O)cc2c1O[C@@H](c1ccc(O)cc1)[C@H]1CCC[C@@H]21,ERalpha_ki
6.7,COCc1cc(O)cc2c1O[C@H](c1ccc(O)cc1)[C@@H]1CC(F)(F)C[C@H]21,ERalpha_ki
7.36,COCc1cc(O)cc2c1O[C@H](c1ccc(O)cc1)[C@@H]1CC(F)(F)C[C@H]21,ERalpha_ki
4.75,Cc1ccc(S(=O)(=O)Oc2ccc3c(C#CCCCCC#C[C@]4(O)CC[C@H]5[C@@H]6CCc7cc(O)ccc7[C@H]6CC[C@@]54C)c(-c4ccc(OCc5ccccc5)cc4)oc3c2)cc1,ERalpha_ki
6.42,C[C@]12CC[C@@H]3c4ccc(O)cc4CC[C@H]3[C@@H]1CC[C@@]2(O)C#CCCCCC#Cc1cccc2c(=O)cc(-c3ccccc3)oc12,ERalpha_ki
4.2,C[C@]12CC[C@@H]3c4ccc(O)cc4CC[C@H]3[C@@H]1CC[C@@]2(O)C#CCCCCC#Cc1c(-c2ccccc2)oc2ccccc2c1=O,ERalpha_ki
6.48,Cc1ccc(S(=O)(=O)Oc2ccc3c(C#C[C@]4(O)CC[C@H]5[C@@H]6CCc7cc(O)ccc7[C@H]6CC[C@@]54C)c(-c4ccc(OCc5ccccc5)cc4)oc3c2)cc1,ERalpha_ki
7.12,C[C@]12CC[C@@H]3c4ccc(O)cc4CC[C@H]3[C@@H]1CC[C@@]2(O)C#Cc1c(-c2ccccc2O)[nH]c2ccccc12,ERalpha_ki
7.46,COc1ccccc1-c1[nH]c2ccccc2c1C#C[C@]1(O)CC[C@H]2[C@@H]3CCc4cc(O)ccc4[C@H]3CC[C@@]21C,ERalpha_ki
7,C[C@]12CC[C@@H]3c4ccc(O)cc4CC[C@H]3[C@@H]1CC[C@@]2(O)C#Cc1cccc2c(=O)cc(-c3ccccc3)oc12,ERalpha_ki
7.43,C[C@]12CC[C@@H]3c4ccc(O)cc4CC[C@H]3[C@@H]1CC[C@@]2(O)C#Cc1c(-c2ccccc2)oc2ccccc2c1=O,ERalpha_ki
6.51,O/N=C/c1ccc(-c2ccc(O)cc2)c(Cl)c1O,ERalpha_ki
5.12,CC(C)CNc1cc(/C=C/c2ccccc2)nc(NCC(C)C)n1,ERalpha_ki
5.12,CC(C)CNc1cc(NCC(C)C)nc(Cl)n1,ERalpha_ki
4.31,c1ccc(CCc2cc(NCc3ccccc3)nc(NCc3ccccc3)n2)cc1,ERalpha_ki
6.16,COCc1cc2ccccc2c(Oc2ccc(/C=C/C(=O)O)cc2)c1-c1ccccc1,ERalpha_ki
6.01,CCCCc1cc2ccccc2c(Oc2ccc(/C=C/C(=O)O)cc2)c1-c1ccccc1,ERalpha_ki
6.14,CCCCc1cc2ccccc2c(Oc2ccc(/C=C/C(=O)O)cc2)c1-c1ccc(F)cc1,ERalpha_ki
6.8,CCCCc1cc2ccccc2c(Oc2ccc(/C=C/C(=O)O)cc2)c1-c1ccc(OC)cc1,ERalpha_ki
7.28,CCCCc1cc2ccccc2c(Oc2ccc(/C=C/C(=O)O)cc2)c1-c1ccc(O)cc1,ERalpha_ki
7.22,O=C(O)/C=C/c1ccc(Oc2c(-c3ccccc3)c(C3CC3)cc3cc(O)ccc23)cc1,ERalpha_ki
8.4,CCCCc1cc2cc(O)ccc2c(Oc2ccc(/C=C/C(=O)O)cc2)c1-c1ccccc1,ERalpha_ki
7.55,CC(C)Cc1cc2cc(O)ccc2c(Oc2ccc(/C=C/C(=O)O)cc2)c1-c1ccccc1,ERalpha_ki
8.7,CCCCCc1cc2cc(O)ccc2c(Oc2ccc(/C=C/C(=O)O)cc2)c1-c1ccccc1,ERalpha_ki
7.26,CCCCCCCCc1cc2cc(O)ccc2c(Oc2ccc(/C=C/C(=O)O)cc2)c1-c1ccccc1,ERalpha_ki
4.82,C[C@]1(C(=O)Nc2nccs2)CC2c3ccccc3C1c1ccccc12,ERalpha_ki
4.58,C[C@]1(C(=O)Nc2nccs2)CC2(C#N)c3ccccc3C1c1ccccc12,ERalpha_ki
4.54,CC(C)CNc1cc(CC(C)C)nc(NCC(C)C)n1,ERalpha_ki
5.38,CC(C)Cc1cc(O)c(=O)n(Cc2ccc3ccccc3c2)c1-c1ccnc(Cc2ccccc2)c1,ERalpha_ki
7.33,CC/C(=C(\c1ccccc1)c1ccc(OCC[N+](C)(C)C)cc1)c1ccccc1.[I-],ERalpha_ki
7.87,CC/C(=C(\c1ccccc1)c1ccc(OCC[N+](C)(C)CC)cc1)c1ccccc1.[Br-],ERalpha_ki
7.59,CC/C(=C(\c1ccccc1)c1ccc(OCC[N+](C)(C)C(C)C)cc1)c1ccccc1.[Br-],ERalpha_ki
7.89,CCCC[N+](C)(C)CCOc1ccc(/C(=C(/CC)c2ccccc2)c2ccccc2)cc1.[Br-],ERalpha_ki
5.64,CC(C)(C(=O)Nc1nccs1)[C@H]1c2ccccc2Oc2cc(O)ccc21,ERalpha_ki
5.26,CC(C)(C(=O)Nc1nncs1)[C@H]1c2ccccc2Oc2cc(O)ccc21,ERalpha_ki
8.96,C[C@]12C[C@H](c3ccc(OCCOCCOCCn4cc(CNC5=CC(=O)c6ccccc6C5=O)nn4)cc3)[C@@H]3c4ccc(O)cc4CC[C@H]3[C@@H]1CC[C@@H]2O,ERalpha_ki
8.62,C[C@]12C[C@H](c3ccc(OCCOCCOCCN=[N+]=[N-])cc3)[C@@H]3c4ccc(O)cc4CC[C@H]3[C@@H]1CC[C@@H]2O,ERalpha_ki
7.38,CN(C)CCOc1ccc([C@H]2C[C@]3(C)[C@@H](O)CC[C@H]3[C@@H]3CCc4cc(O)ccc4[C@H]32)cc1,ERalpha_ki
8.28,C[C@]12C[C@H](c3ccc(OCCCCCS(=O)(=O)C(F)(F)C(F)(F)F)cc3)[C@@H]3c4ccc(O)cc4CC[C@H]3[C@@H]1CC[C@@H]2O,ERalpha_ki
9.6,CCCCc1ccc(-c2sc3cc(O)ccc3c2C(=O)c2ccc(OCCN3CCCCC3)cc2)cc1,ERalpha_ki
7.67,O=S(=O)(Oc1ccccc1)[C@H]1C[C@H]2O[C@@H]1C(c1ccc(O)cc1)=C2c1ccc(O)cc1,ERalpha_ki
7.22,COC(=O)CCCCCCC(=O)Nc1ccc(OS(=O)(=O)C2CC3OC2C(c2ccc(O)cc2)=C3c2ccc(O)cc2)cc1,ERalpha_ki
7.15,COC(=O)CCCCCCC(=O)Nc1cccc(OS(=O)(=O)C2CC3OC2C(c2ccc(O)cc2)=C3c2ccc(O)cc2)c1,ERalpha_ki
7.6,O=C(O)CCCCCCC(=O)Nc1ccc(OS(=O)(=O)C2CC3OC2C(c2ccc(O)cc2)=C3c2ccc(O)cc2)cc1,ERalpha_ki
7.25,O=C(O)CCCCCCC(=O)Nc1cccc(OS(=O)(=O)C2CC3OC2C(c2ccc(O)cc2)=C3c2ccc(O)cc2)c1,ERalpha_ki
6.83,O=C(CCCCCCC(=O)Nc1ccc(OS(=O)(=O)C2CC3OC2C(c2ccc(O)cc2)=C3c2ccc(O)cc2)cc1)NO,ERalpha_ki
6.95,O=C(O)CCCCCCC(=O)Nc1ccc(C2=C(c3ccc(O)cc3)C3CC(S(=O)(=O)Oc4ccccc4)C2O3)cc1,ERalpha_ki
6.74,Cc1ccc(OS(=O)(=O)C2CC3OC2C(c2ccc(NC(=O)CCCCCCC(=O)O)cc2)=C3c2ccc(O)cc2)cc1,ERalpha_ki
7.09,Cc1cccc(OS(=O)(=O)C2CC3OC2C(c2ccc(NC(=O)CCCCCCC(=O)O)cc2)=C3c2ccc(O)cc2)c1,ERalpha_ki
5.62,COc1ccc(OS(=O)(=O)C2CC3OC2C(c2ccc(NC(=O)CCCCCCC(=O)O)cc2)=C3c2ccc(O)cc2)cc1,ERalpha_ki
5.35,COc1cccc(OS(=O)(=O)C2CC3OC2C(c2ccc(NC(=O)CCCCCCC(=O)O)cc2)=C3c2ccc(O)cc2)c1,ERalpha_ki
6.98,Cc1ccccc1OS(=O)(=O)C1CC2OC1C(c1ccc(NC(=O)CCCCCCC(=O)O)cc1)=C2c1ccc(O)cc1,ERalpha_ki
7.09,O=C(O)CCCCCCC(=O)Nc1ccc(C2=C(c3ccc(O)cc3)C3CC(S(=O)(=O)Oc4cccc(O)c4)C2O3)cc1,ERalpha_ki
6.88,O=C(O)CCCCCCC(=O)Nc1ccc(C2=C(c3ccc(O)cc3)C3CC(S(=O)(=O)Oc4ccc(O)cc4)C2O3)cc1,ERalpha_ki
6.8,COc1ccccc1OS(=O)(=O)C1CC2OC1C(c1ccc(NC(=O)CCCCCCC(=O)O)cc1)=C2c1ccc(O)cc1,ERalpha_ki
7.04,O=C(O)CCCCCCC(=O)Nc1ccc(C2=C(c3ccc(O)cc3)C3CC(S(=O)(=O)Oc4ccc(F)cc4)C2O3)cc1,ERalpha_ki
5.92,O=C(O)CCCCCCC(=O)Nc1ccc(C2=C(c3ccc(O)cc3)C3CC(S(=O)(=O)Oc4ccccc4O)C2O3)cc1,ERalpha_ki
6.9,O=C(O)CCCCCCC(=O)Nc1ccc(C2=C(c3ccc(O)cc3)C3CC(S(=O)(=O)Oc4ccc(Cl)cc4)C2O3)cc1,ERalpha_ki
6.9,O=C(O)CCCCCCC(=O)Nc1ccc(C2=C(c3ccc(O)cc3)C3CC(S(=O)(=O)Oc4ccc(Br)cc4)C2O3)cc1,ERalpha_ki
5.76,O=C(O)CCCCCCC(=O)Nc1ccc(C2=C(c3ccc(O)cc3)C3CC(S(=O)(=O)Oc4ccc(C(F)(F)F)cc4)C2O3)cc1,ERalpha_ki
5.41,O=C(O)CCCCCCC(=O)Nc1ccc(C2=C(c3ccc(O)cc3)C3CC(S(=O)(=O)Oc4ccccc4C(F)(F)F)C2O3)cc1,ERalpha_ki
6.92,O=C(O)CCCCCCC(=O)Nc1ccc(C2=C(c3ccc(O)cc3)C3CC(S(=O)(=O)Oc4cccc5ccccc45)C2O3)cc1,ERalpha_ki
6.77,O=C(O)CCCCCCC(=O)Nc1ccc(C2=C(c3ccc(O)cc3)C3CC(S(=O)(=O)Oc4ccc5ccccc5c4)C2O3)cc1,ERalpha_ki
5.35,Cc1cccc(OS(=O)(=O)C2CC3OC2C(c2ccc(NC(=O)CCCCCCC(=O)NO)cc2)=C3c2ccc(O)cc2)c1,ERalpha_ki
6.51,O=C(CCCCCCC(=O)Nc1ccc(C2=C(c3ccc(O)cc3)C3CC(S(=O)(=O)Oc4ccc5ccccc5c4)C2O3)cc1)NO,ERalpha_ki
7.89,Oc1ccc(CN(c2ccc(O)cc2)c2ccc(F)cc2)cc1,ERalpha_ki
8.42,Cc1cccc(CN(c2ccc(O)cc2)c2ccc(O)cc2)c1C,ERalpha_ki
8.43,CCCc1ccc(C(=O)N(c2ccc(O)cc2)c2ccc(O)cc2)cc1,ERalpha_ki
8.22,O=C(c1ccc(O)c(F)c1)N(c1ccc(O)cc1)c1ccc(O)cc1,ERalpha_ki
9.64,C#C[C@]1(O)CC[C@H]2[C@@H]3CCc4cc(O)ccc4[C@H]3CCC21C,ERalpha_ki
8.05,O=C(c1ccc2ccccc2c1)N(c1ccc(O)cc1)c1ccc(O)cc1,ERalpha_ki
7.83,O=C(c1ccc(F)cc1C(F)(F)F)N(c1ccc(O)cc1)c1ccc(OCCN2CCCCC2)cc1,ERalpha_ki
7.82,O=C(c1ccc(O)c(F)c1)N(c1ccccc1)c1ccc(O)cc1,ERalpha_ki
8.31,C[C@]12CC[C@@H]3c4ccc(O)cc4CC[C@H]3[C@@H]1[C@@H](O)[C@@H](O)[C@@H]2O,ERalpha_ki
7.82,Cc1c(F)cccc1C(=O)N(c1ccc(O)cc1)c1ccc(O)cc1,ERalpha_ki
7.66,O=C(c1ccc(O)c(F)c1)N(c1ccc(O)cc1)c1ccc(F)cc1,ERalpha_ki
8.15,Cc1cccc(C(=O)N(c2ccc(O)cc2)c2ccc(O)cc2)c1C,ERalpha_ki
9.15,CCCCN(C)C(=O)/C=C/c1ccc(C(=C2C3CC4CC(C3)CC2C4)c2ccc(O)cc2)cc1,ERalpha_ki
8.88,O=C(/C=C/c1ccc(C(=C2C3CC4CC(C3)CC2C4)c2ccc(O)cc2)cc1)NCC(F)(F)F,ERalpha_ki
9.49,NCCCCNC(=O)/C=C/c1ccc(C(=C2C3CC4CC(C3)CC2C4)c2ccc(O)cc2)cc1,ERalpha_ki
9.13,CCCCCNC(=O)/C=C/c1ccc(C(=C2C3CC4CC(C3)CC2C4)c2ccc(O)cc2)cc1,ERalpha_ki
8.96,CCCNC(=O)/C=C/c1ccc(C(=C2C3CC4CC(C3)CC2C4)c2ccc(O)cc2)cc1,ERalpha_ki
9.57,NC(=O)/C=C/c1ccc(C(=C2C3CC4CC(C3)CC2C4)c2ccc(O)cc2)cc1,ERalpha_ki
9.42,CCCNS(=O)(=O)/C=C/c1ccc(C(=C2C3CC4CC(C3)CC2C4)c2ccc(O)cc2)cc1,ERalpha_ki
8.85,N#C/C=C/c1ccc(C(=C2C3CC4CC(C3)CC2C4)c2ccc(O)cc2)cc1,ERalpha_ki
9.35,O=C(/C=C/c1ccc(C(=C2C3CC4CC(C3)CC2C4)c2ccc(O)cc2)cc1)OCCCCO,ERalpha_ki
9.15,O=C(/C=C/c1ccc(C(=C2C3CC4CC(C3)CC2C4)c2ccc(O)cc2)cc1)OCCCO,ERalpha_ki
9.43,O=C(/C=C/c1ccc(C(=C2C3CC4CC(C3)CC2C4)c2ccc(O)cc2)cc1)OCCO,ERalpha_ki
8.15,CC(C)CCCCCOC(=O)/C=C/c1ccc(C(=C2C3CC4CC(C3)CC2C4)c2ccc(O)cc2)cc1,ERalpha_ki
8.74,CCCCOC(=O)/C=C/c1ccc(C(=C2C3CC4CC(C3)CC2C4)c2ccc(O)cc2)cc1,ERalpha_ki
8.48,CCOC(=O)/C=C/c1ccc(C(=C2C3CC4CC(C3)CC2C4)c2ccc(O)cc2)cc1,ERalpha_ki
9.37,COC(=O)/C=C/c1ccc(C(=C2C3CC4CC(C3)CC2C4)c2ccc(O)cc2)cc1,ERalpha_ki
8.77,CCCCCC(=O)/C=C/c1ccc(C(=C2C3CC4CC(C3)CC2C4)c2ccc(O)cc2)cc1,ERalpha_ki
9,CCC(=C(c1ccc(O)cc1)c1ccc(/C=C/C(=O)O)cc1)c1ccccc1,ERalpha_ki
9.3,Oc1ccc2c(c1)C(c1ccc(OCCN3CCCCC3)cc1)c1c(sc3cc(O)ccc13)C2,ERalpha_ki
6.6,COc1cc(/C=C/c2ccc(C3=C(c4ccc(O)cc4)C4CC(S(=O)(=O)Oc5cccc(OC)c5)C3O4)cc2)cc(OC)c1,ERalpha_ki
7.27,CCc1ccccc1OS(=O)(=O)C1CC2OC1C(c1ccc(/C=C/c3cc(OC)cc(OC)c3)cc1)=C2c1ccc(O)cc1,ERalpha_ki
7.21,O=S(=O)(Oc1ccccc1)C1CC2OC1C(c1ccc(/C=C/c3cc(O)cc(O)c3)cc1)=C2c1ccc(O)cc1,ERalpha_ki
6.92,O=S(=O)(Oc1ccc(Br)cc1)C1CC2OC1C(c1ccc(/C=C/c3cc(O)cc(O)c3)cc1)=C2c1ccc(O)cc1,ERalpha_ki
7.21,COc1cccc(OS(=O)(=O)C2CC3OC2C(c2ccc(/C=C/c4cc(O)cc(O)c4)cc2)=C3c2ccc(O)cc2)c1,ERalpha_ki
6.8,O=S(=O)(Oc1ccc(F)cc1)C1CC2OC1C(c1ccc(/C=C/c3cc(O)cc(O)c3)cc1)=C2c1ccc(O)cc1,ERalpha_ki
7.14,O=S(=O)(Oc1ccc(Cl)cc1)C1CC2OC1C(c1ccc(/C=C/c3cc(O)cc(O)c3)cc1)=C2c1ccc(O)cc1,ERalpha_ki
6.97,O=S(=O)(Oc1ccccc1Cl)C1CC2OC1C(c1ccc(/C=C/c3cc(O)cc(O)c3)cc1)=C2c1ccc(O)cc1,ERalpha_ki
7.28,Cc1ccccc1OS(=O)(=O)C1CC2OC1C(c1ccc(/C=C/c3cc(O)cc(O)c3)cc1)=C2c1ccc(O)cc1,ERalpha_ki
6.3,O=S(=O)(Oc1ccccc1C(F)(F)F)C1CC2OC1C(c1ccc(/C=C/c3cc(O)cc(O)c3)cc1)=C2c1ccc(O)cc1,ERalpha_ki
7.29,O=S(=O)(Oc1cccc(C(F)(F)F)c1)C1CC2OC1C(c1ccc(/C=C/c3cc(O)cc(O)c3)cc1)=C2c1ccc(O)cc1,ERalpha_ki
6.82,O=S(=O)(Oc1ccc(-c2ccccc2)cc1)C1CC2OC1C(c1ccc(/C=C/c3cc(O)cc(O)c3)cc1)=C2c1ccc(O)cc1,ERalpha_ki
6.83,O=S(=O)(Oc1cccc(Cl)c1)C1CC2OC1C(c1ccc(/C=C/c3cc(O)cc(O)c3)cc1)=C2c1ccc(O)cc1,ERalpha_ki
6.62,O=S(=O)(Oc1cccc(O)c1)C1CC2OC1C(c1ccc(/C=C/c3cc(O)cc(O)c3)cc1)=C2c1ccc(O)cc1,ERalpha_ki
6.77,Cc1cccc(OS(=O)(=O)C2CC3OC2C(c2ccc(/C=C/c4cc(O)cc(O)c4)cc2)=C3c2ccc(O)cc2)c1,ERalpha_ki
6.93,O=S(=O)(Oc1ccc(O)cc1)C1CC2OC1C(c1ccc(/C=C/c3cc(O)cc(O)c3)cc1)=C2c1ccc(O)cc1,ERalpha_ki
7.53,O=S(=O)(Oc1cccc(Br)c1)C1CC2OC1C(c1ccc(/C=C/c3cc(O)cc(O)c3)cc1)=C2c1ccc(O)cc1,ERalpha_ki
7.98,Cc1ccc(OS(=O)(=O)C2CC3OC2C(c2ccc(/C=C/c4cc(O)cc(O)c4)cc2)=C3c2ccc(O)cc2)cc1,ERalpha_ki
6.67,O=S(=O)(Oc1cccc2ccccc12)C1CC2OC1C(c1ccc(/C=C/c3cc(O)cc(O)c3)cc1)=C2c1ccc(O)cc1,ERalpha_ki
6.89,O=S(=O)(Oc1ccccc1)C1CC2OC1C(c1ccc(/C=C/c3ccccc3)cc1)=C2c1ccc(O)cc1,ERalpha_ki
7.46,COc1cc(/C=C/c2ccc(OS(=O)(=O)C3CC4OC3C(c3ccc(O)cc3)=C4c3ccc(O)cc3)cc2)cc(OC)c1,ERalpha_ki
7.39,O=S(=O)(Oc1ccc(/C=C/c2ccccc2)cc1)C1CC2OC1C(c1ccc(O)cc1)=C2c1ccc(O)cc1,ERalpha_ki
6.6,COc1cc(/C=C/c2cccc(OS(=O)(=O)C3CC4OC3C(c3ccc(O)cc3)=C4c3ccc(O)cc3)c2)cc(OC)c1,ERalpha_ki
6.2,O=S(=O)(Oc1cccc(/C=C/c2cc(O)cc(O)c2)c1)C1CC2OC1C(c1ccc(O)cc1)=C2c1ccc(O)cc1,ERalpha_ki
7.05,O=S(=O)(Oc1ccc(/C=C/c2cc(O)cc(O)c2)cc1)C1CC2OC1C(c1ccc(O)cc1)=C2c1ccc(O)cc1,ERalpha_ki
7.37,O=S(=O)(Oc1ccccc1)[C@H]1C[C@@H]2O[C@@H]1C(c1ccc(O)cc1)=C2c1ccc(O)cc1,ERalpha_ki
10.15,CC[C@H](C)[C@@H]1NC(=O)[C@H](NC(=O)[C@@H](N)CCCNC(=N)N)CSSC[C@H](C(=O)N[C@@H](CCCNC(=N)N)C(=O)N[C@@H](CC(C)(C)C)C(=O)N[C@@H](CC(C)C)C(=O)N[C@@H](CCC(N)=O)C(N)=O)NC(=O)[C@H](CC(C)C)NC1=O,ERalpha_ki
7.96,CC[C@H](C)[C@@H]1NC(=O)[C@H](NC(=O)[C@@H](N)CCCNC(=N)N)CSSC[C@H](C(=O)N[C@@H](CCCNC(=N)N)C(=O)N[C@@H](CC(C)C)C(=O)N[C@@H](CC(C)C)C(=O)N[C@@H](CCC(N)=O)C(N)=O)NC(=O)[C@H](CC(C)C)NC1=O,ERalpha_ki
7.6,CC[C@H](C)[C@@H]1NC(=O)[C@H](NC(=O)[C@@H](N)CCCCN)CSSC[C@H](C(=O)N[C@@H](CCCNC(=N)N)C(=O)N[C@@H](CC(C)C)C(=O)N[C@@H](CC(C)C)C(=O)N[C@@H](CCC(N)=O)C(N)=O)NC(=O)[C@H](CC(C)C)NC1=O,ERalpha_ki
6.73,CSCC[C@H](NC(=O)[C@H](CC(C)C)NC(=O)[C@H](CC(C)C)NC(=O)[C@@H]1CCCN1C(=O)[C@@H](N)Cc1cnc[nH]1)C(=O)N[C@@H](CCCNC(=N)N)C(=O)N[C@@H](CC(C)C)C(=O)N[C@@H](CC(C)C)C(=O)N[C@@H](CC(C)C)C(=O)N[C@@H](CO)C(=O)N1CCC[C@H]1C(N)=O,ERalpha_ki
5.81,CSCC[C@H](NC(=O)[C@H](CC(C)C)NC(=O)[C@H](CC(C)C)NC(=O)[C@@H]1CCCN1C(=O)[C@@H](N)Cc1cnc[nH]1)C(=O)N[C@@H](CCCNC(=N)N)C(=O)N[C@@H](CC(C)C)C(=O)N[C@@H](CC(C)C)C(=O)N[C@@H](Cc1cnc[nH]1)C(=O)N[C@@H](Cc1cnc[nH]1)C(=O)N1CCC[C@H]1C(=O)N[C@@H](CO)C(N)=O,ERalpha_ki
8.16,CC[C@H](C)[C@@H]1NC(=O)[C@H](NC(=O)[C@@H](N)CCCNC(=N)N)CCSC[C@@H](C(=O)N[C@@H](CCCNC(=N)N)C(=O)N[C@@H](CC(C)C)C(=O)N[C@@H](CC(C)C)C(=O)N[C@@H](CCC(N)=O)C(N)=O)NC(=O)[C@H](CC(C)C)NC1=O,ERalpha_ki
7.6,CC[C@H](C)[C@@H]1NC(=O)[C@H](NC(=O)[C@@H](N)CCCCN)CSSC[C@@H](C(=O)N[C@@H](CCCNC(=N)N)C(=O)N[C@@H](CC(C)C)C(=O)N[C@@H](CC(C)C)C(=O)N[C@@H](CCC(N)=O)C(=O)O)NC(=O)[C@H](CC(C)C)NC1=O,ERalpha_ki
7.62,CN(c1ccccc1)S(=O)(=O)C1CC2OC1C(c1ccc(NC(=O)CCCCCCC(=O)O)cc1)=C2c1ccc(O)cc1,ERalpha_ki
6.15,Cc1ccc(N(C)S(=O)(=O)C2CC3OC2C(c2ccc(NC(=O)CCCCCCC(=O)O)cc2)=C3c2ccc(O)cc2)cc1,ERalpha_ki
7.07,Cc1cccc(N(C)S(=O)(=O)C2CC3OC2C(c2ccc(NC(=O)CCCCCCC(=O)O)cc2)=C3c2ccc(O)cc2)c1,ERalpha_ki
7.27,COc1ccc(N(C)S(=O)(=O)C2CC3OC2C(c2ccc(NC(=O)CCCCCCC(=O)O)cc2)=C3c2ccc(O)cc2)cc1,ERalpha_ki
6.68,COc1cccc(N(C)S(=O)(=O)C2CC3OC2C(c2ccc(NC(=O)CCCCCCC(=O)O)cc2)=C3c2ccc(O)cc2)c1,ERalpha_ki
6.93,CN(c1ccc(O)cc1)S(=O)(=O)C1CC2OC1C(c1ccc(NC(=O)CCCCCCC(=O)O)cc1)=C2c1ccc(O)cc1,ERalpha_ki
7.57,CN(c1ccccc1Cl)S(=O)(=O)C1CC2OC1C(c1ccc(NC(=O)CCCCCCC(=O)O)cc1)=C2c1ccc(O)cc1,ERalpha_ki
6.73,CN(c1ccc(Cl)cc1)S(=O)(=O)C1CC2OC1C(c1ccc(NC(=O)CCCCCCC(=O)O)cc1)=C2c1ccc(O)cc1,ERalpha_ki
5.76,CN(c1cccc2ccccc12)S(=O)(=O)C1CC2OC1C(c1ccc(NC(=O)CCCCCCC(=O)O)cc1)=C2c1ccc(O)cc1,ERalpha_ki
6.58,CCN(c1ccccc1)S(=O)(=O)C1CC2OC1C(c1ccc(NC(=O)CCCCCCC(=O)O)cc1)=C2c1ccc(O)cc1,ERalpha_ki
5.85,CCN(c1ccc(C)cc1)S(=O)(=O)C1CC2OC1C(c1ccc(NC(=O)CCCCCCC(=O)O)cc1)=C2c1ccc(O)cc1,ERalpha_ki
6,CCN(c1cccc(C)c1)S(=O)(=O)C1CC2OC1C(c1ccc(NC(=O)CCCCCCC(=O)O)cc1)=C2c1ccc(O)cc1,ERalpha_ki
6.17,CCN(c1ccc(OC)cc1)S(=O)(=O)C1CC2OC1C(c1ccc(NC(=O)CCCCCCC(=O)O)cc1)=C2c1ccc(O)cc1,ERalpha_ki
6.81,CCN(c1cccc(OC)c1)S(=O)(=O)C1CC2OC1C(c1ccc(NC(=O)CCCCCCC(=O)O)cc1)=C2c1ccc(O)cc1,ERalpha_ki
6.61,CCN(c1ccc(O)cc1)S(=O)(=O)C1CC2OC1C(c1ccc(NC(=O)CCCCCCC(=O)O)cc1)=C2c1ccc(O)cc1,ERalpha_ki
6.14,CCN(c1ccccc1Cl)S(=O)(=O)C1CC2OC1C(c1ccc(NC(=O)CCCCCCC(=O)O)cc1)=C2c1ccc(O)cc1,ERalpha_ki
5.89,CCN(c1ccc(Cl)cc1)S(=O)(=O)C1CC2OC1C(c1ccc(NC(=O)CCCCCCC(=O)O)cc1)=C2c1ccc(O)cc1,ERalpha_ki
6.27,CCN(c1ccccc1Br)S(=O)(=O)C1CC2OC1C(c1ccc(NC(=O)CCCCCCC(=O)O)cc1)=C2c1ccc(O)cc1,ERalpha_ki
5.74,O=C(O)CCCCCCC(=O)Nc1ccc(C2=C(c3ccc(O)cc3)C3CC(S(=O)(=O)N(CC(F)(F)F)c4ccccc4)C2O3)cc1,ERalpha_ki
6.01,Cc1ccc(N(CC(F)(F)F)S(=O)(=O)C2CC3OC2C(c2ccc(NC(=O)CCCCCCC(=O)O)cc2)=C3c2ccc(O)cc2)cc1,ERalpha_ki
6.18,Cc1cccc(N(CC(F)(F)F)S(=O)(=O)C2CC3OC2C(c2ccc(NC(=O)CCCCCCC(=O)O)cc2)=C3c2ccc(O)cc2)c1,ERalpha_ki
5.81,COc1ccc(N(CC(F)(F)F)S(=O)(=O)C2CC3OC2C(c2ccc(NC(=O)CCCCCCC(=O)O)cc2)=C3c2ccc(O)cc2)cc1,ERalpha_ki
6.3,COc1cccc(N(CC(F)(F)F)S(=O)(=O)C2CC3OC2C(c2ccc(NC(=O)CCCCCCC(=O)O)cc2)=C3c2ccc(O)cc2)c1,ERalpha_ki
6.26,O=C(O)CCCCCCC(=O)Nc1ccc(C2=C(c3ccc(O)cc3)C3CC(S(=O)(=O)N(Cc4ccccc4)CC(F)(F)F)C2O3)cc1,ERalpha_ki
6.97,O=S(=O)(C1CC2OC1C(c1ccc(O)cc1)=C2c1ccc(O)cc1)N(CC(F)(F)F)c1ccccc1,ERalpha_ki
4.77,COc1ccc2cc(-c3ccc4c(c3)OCO4)n([C@H](COc3ccc([N+](=O)[O-])cc3)OC)c(=O)c2c1OC,ERalpha_ki
7.14,C[C@]12CC[C@@H]3c4ccc(O)cc4CC[C@H]3[C@@H]1CC[C@@]2(O)C#Cc1ccc(-c2ccc(N(c3ccccc3)c3ccccc3)cc2)c2nsnc12,ERalpha_ki
