filename,affinity_qvina
ligand_1002.log,-7.6
ligand_1125.log,-4.7
ligand_1294.log,-8.2
ligand_1413.log,-9.6
ligand_1772.log,-7.4
ligand_1676.log,-9.2
ligand_1952.log,4.5
ligand_1537.log,-10.6
ligand_1419.log,-7.9
ligand_1778.log,-8.9
ligand_1001.log,-10.4
ligand_1683.log,-5.7
ligand_1943.log,-7.8
ligand_1300.log,-8.7
ligand_1540.log,-7.8
ligand_141.log,-9.5
ligand_1771.log,-9.4
ligand_167.log,-8.2
ligand_1139.log,-9.1
ligand_1534.log,-8.5
ligand_128.log,-7.7
ligand_1940.log,-8.7
ligand_1421.log,-4.6
ligand_1000.log,-7.4
ligand_1298.log,-6.8
ligand_1137.log,-5.2
ligand_153.log,-6.6
ligand_1677.log,-6.4
ligand_1768.log,16.7
ligand_1007.log,-8.1
ligand_1941.log,-2.6
ligand_1422.log,-5.2
ligand_1292.log,-8.0
ligand_1774.log,-7.9
ligand_1680.log,-4.6
ligand_1028.log,-10.8
ligand_1536.log,-9.3
ligand_112.log,-6.1
ligand_1939.log,-4.2
ligand_1146.log,-7.4
ligand_1775.log,-8.4
ligand_1678.log,-4.9
ligand_1423.log,-8.8
ligand_1944.log,-4.1
ligand_1327.log,-10.6
ligand_176.log,-7.7
ligand_1141.log,-9.0
ligand_1425.log,-9.2
ligand_1542.log,-7.7
ligand_1682.log,-7.1
ligand_1003.log,-8.5
ligand_1777.log,-9.6
ligand_1951.log,-0.2
ligand_1543.log,-7.4
ligand_1424.log,-7.1
ligand_1679.log,0.7
ligand_1544.log,-7.9
ligand_1148.log,-8.6
ligand_1328.log,-9.1
ligand_1029.log,-9.9
ligand_1549.log,11.4
ligand_177.log,-6.3
ligand_1427.log,-8.0
ligand_1149.log,-8.3
ligand_1782.log,-3.7
ligand_1694.log,5.4
ligand_1016.log,-9.3
ligand_1142.log,-8.8
ligand_1950.log,-10.1
ligand_1558.log,-10.7
ligand_142.log,-4.3
ligand_1316.log,-10.4
ligand_1780.log,-9.9
ligand_1688.log,-5.4
ligand_1155.log,-8.7
ligand_1433.log,-9.0
ligand_1030.log,-6.4
ligand_1949.log,-2.9
ligand_1548.log,1.3
ligand_1803.log,-6.6
ligand_1697.log,-7.0
ligand_1319.log,-9.9
ligand_143.log,-7.9
ligand_1154.log,-8.8
ligand_1008.log,-9.8
ligand_155.log,-9.2
ligand_1948.log,-7.8
ligand_1426.log,-6.4
ligand_1689.log,-6.1
ligand_1789.log,-9.1
ligand_1153.log,-9.3
ligand_1547.log,-5.2
ligand_1302.log,-9.4
ligand_1437.log,-9.7
ligand_1015.log,-8.8
ligand_1686.log,-8.1
ligand_1147.log,-9.4
ligand_1956.log,-9.1
ligand_1320.log,-9.1
ligand_1699.log,-1.8
ligand_1151.log,-8.6
ligand_154.log,-6.6
ligand_1017.log,-7.9
ligand_1429.log,-9.2
ligand_178.log,-5.9
ligand_1315.log,-4.9
ligand_1150.log,-8.3
ligand_1957.log,-9.3
ligand_1786.log,-9.4
ligand_1019.log,-9.4
ligand_1687.log,-9.2
ligand_1428.log,-9.2
ligand_1144.log,-7.3
ligand_1559.log,-10.1
ligand_1323.log,-5.1
ligand_1700.log,-3.1
ligand_1801.log,-4.8
ligand_1435.log,-9.1
ligand_1958.log,-3.8
ligand_1145.log,-4.7
ligand_1006.log,-7.0
ligand_1004.log,-8.6
ligand_1552.log,-8.5
ligand_1690.log,-6.9
ligand_1798.log,-5.4
ligand_1326.log,-9.1
ligand_1434.log,-9.4
ligand_1963.log,-10.0
ligand_114.log,-6.2
ligand_1009.log,-0.8
ligand_1152.log,-8.8
ligand_1691.log,1.9
ligand_1797.log,-7.1
ligand_1553.log,8.7
ligand_1953.log,-9.4
ligand_1032.log,-8.3
ligand_1430.log,-9.4
ligand_1143.log,-10.1
ligand_1701.log,-2.9
ligand_1325.log,-11.3
ligand_179.log,-6.1
ligand_1554.log,-7.3
ligand_1005.log,-3.4
ligand_1795.log,-9.0
ligand_1033.log,-8.1
ligand_115.log,-4.9
ligand_1432.log,-3.5
ligand_1967.log,-8.1
ligand_1698.log,-1.1
ligand_1036.log,-8.6
ligand_1190.log,-8.7
ligand_1555.log,-10.4
ligand_1303.log,4.7
ligand_1788.log,-7.7
ligand_1062.log,-9.4
ligand_1966.log,-8.3
ligand_1431.log,-8.2
ligand_1696.log,-1.1
ligand_1322.log,-7.7
ligand_1178.log,-7.1
ligand_1550.log,-6.8
ligand_1965.log,-9.4
ligand_1065.log,-9.8
ligand_1436.log,-9.8
ligand_1693.log,8.1
ligand_1794.log,-9.4
ligand_1324.log,-10.5
ligand_1556.log,-1.7
ligand_1189.log,-6.7
ligand_1955.log,-8.8
ligand_1695.log,-7.0
ligand_1063.log,-11.2
ligand_1442.log,-8.0
ligand_1799.log,-5.1
ligand_1321.log,-9.0
ligand_1551.log,-7.3
ligand_1177.log,-7.1
ligand_1692.log,2.1
ligand_1962.log,-8.1
ligand_1443.log,-5.5
ligand_1317.log,-10.3
ligand_1800.log,-4.0
ligand_1064.log,-10.3
ligand_1705.log,3.3
ligand_1565.log,-7.1
ligand_1954.log,-4.8
ligand_118.log,-7.8
ligand_1793.log,-10.1
ligand_1450.log,-8.3
ligand_1318.log,-7.5
ligand_1704.log,-4.9
ligand_1057.log,-10.4
ligand_1961.log,-7.6
ligand_1453.log,-7.7
ligand_1196.log,-7.0
ligand_1561.log,2.3
ligand_1812.log,-7.6
ligand_195.log,-7.7
ligand_1336.log,-7.5
ligand_1703.log,-6.7
ligand_1198.log,-9.9
ligand_1059.log,-10.0
ligand_1562.log,-8.0
ligand_1454.log,-7.8
ligand_1330.log,-8.0
ligand_1197.log,-9.6
ligand_1808.log,-7.7
ligand_1702.log,8.2
ligand_1960.log,-7.4
ligand_1456.log,-7.8
ligand_1574.log,-5.5
ligand_1061.log,-9.7
ligand_1195.log,-8.0
ligand_1333.log,-9.2
ligand_1709.log,-8.7
ligand_1964.log,-9.4
ligand_1807.log,-5.7
ligand_1452.log,-7.3
ligand_1203.log,-8.7
ligand_1564.log,30.8
ligand_1329.log,-8.1
ligand_1034.log,-8.6
ligand_1706.log,-3.4
ligand_1959.log,-8.3
ligand_1804.log,-3.9
ligand_1441.log,-7.9
ligand_1058.log,-10.1
ligand_1199.log,-8.7
ligand_1575.log,-8.5
ligand_1347.log,3.2
ligand_1713.log,4.3
ligand_1806.log,-7.5
ligand_1968.log,-8.6
ligand_1457.log,-8.8
ligand_1193.log,-5.0
ligand_1578.log,-0.8
ligand_1344.log,-8.7
ligand_1055.log,-9.0
ligand_1710.log,10.7
ligand_1458.log,-8.0
ligand_1805.log,-5.6
ligand_1972.log,-8.8
ligand_1038.log,-9.6
ligand_1568.log,-8.6
ligand_1350.log,-8.4
ligand_1191.log,-9.2
ligand_1460.log,-8.2
ligand_1707.log,-6.1
ligand_198.log,-4.7
ligand_1338.log,-9.7
ligand_157.log,-5.8
ligand_1809.log,-7.9
ligand_1708.log,-0.1
ligand_1035.log,-7.7
ligand_1455.log,-7.8
ligand_119.log,-7.2
ligand_1567.log,-9.3
ligand_1060.log,-10.3
ligand_1971.log,-8.6
ligand_1811.log,-6.5
ligand_1451.log,-8.0
ligand_1194.log,-8.1
ligand_1345.log,-8.9
ligand_1712.log,25.7
ligand_1236.log,-7.6
ligand_1821.log,-4.9
ligand_1571.log,-8.1
ligand_1969.log,-9.4
ligand_1056.log,-8.4
ligand_1459.log,-9.2
ligand_1337.log,-6.1
ligand_1213.log,-9.6
ligand_1711.log,84.9
ligand_1335.log,-6.1
ligand_1070.log,-9.9
ligand_1973.log,-8.7
ligand_1573.log,-8.2
ligand_144.log,-9.0
ligand_1815.log,21.4
ligand_1715.log,-6.3
ligand_1206.log,-1.3
ligand_1332.log,-8.2
ligand_1988.log,10.8
ligand_1079.log,-10.2
ligand_1461.log,-8.1
ligand_1576.log,-10.5
ligand_1714.log,11.1
ligand_1813.log,-6.6
ligand_1351.log,-5.5
ligand_1210.log,-9.6
ligand_1462.log,-8.0
ligand_1716.log,-6.3
ligand_197.log,-5.8
ligand_1820.log,-6.6
ligand_1072.log,-8.9
ligand_1587.log,-9.0
ligand_1208.log,-9.3
ligand_1331.log,-8.8
ligand_1717.log,-7.7
ligand_1463.log,-8.7
ligand_1970.log,-9.2
ligand_1080.log,-8.6
ligand_180.log,-6.4
ligand_1601.log,-7.9
ligand_1348.log,-5.9
ligand_1732.log,-6.2
ligand_1814.log,-7.7
ligand_1204.log,-9.6
ligand_1467.log,-8.3
ligand_1990.log,2.1
ligand_1735.log,-8.0
ligand_1078.log,-8.8
ligand_1590.log,-5.8
ligand_1349.log,-8.3
ligand_1810.log,-7.2
ligand_1465.log,-6.3
ligand_1731.log,-8.4
ligand_1237.log,-6.0
ligand_1354.log,-8.1
ligand_1066.log,-9.7
ligand_1466.log,-8.7
ligand_1984.log,-7.9
ligand_181.log,-5.7
ligand_1592.log,-7.8
ligand_1724.log,-8.5
ligand_1824.log,-8.6
ligand_1464.log,-8.5
ligand_121.log,-6.7
ligand_1989.log,4.2
ligand_1352.log,-9.5
ligand_1077.log,-8.6
ligand_1729.log,-8.2
ligand_146.log,-8.5
ligand_1207.log,-9.1
ligand_1828.log,1.1
ligand_1616.log,-8.4
ligand_1718.log,-7.5
ligand_1075.log,-9.5
ligand_1985.log,-7.6
ligand_1356.log,-8.8
ligand_1472.log,-6.6
ligand_158.log,-7.7
ligand_1822.log,-7.8
ligand_196.log,-6.1
ligand_1205.log,-8.9
ligand_1725.log,-7.2
ligand_1073.log,-8.8
ligand_1473.log,-8.4
ligand_1357.log,-9.9
ligand_182.log,-5.9
ligand_1833.log,-7.5
ligand_1604.log,-1.8
ligand_1733.log,-8.0
ligand_1987.log,-7.1
ligand_1071.log,-8.7
ligand_1474.log,-8.1
ligand_120.log,-7.9
ligand_1353.log,-9.7
ligand_1727.log,-8.2
ligand_1986.log,-7.0
ligand_1834.log,-8.9
ligand_1469.log,-8.5
ligand_1602.log,-6.8
ligand_1074.log,-9.9
ligand_1214.log,-10.9
ligand_1728.log,-8.5
ligand_1996.log,6.8
ligand_1468.log,-7.0
ligand_1836.log,-10.7
ligand_1588.log,-8.0
ligand_1365.log,-8.5
ligand_1719.log,-8.9
ligand_1076.log,-9.3
ligand_1471.log,-7.2
ligand_1209.log,-9.8
ligand_200.log,-7.8
ligand_1829.log,-7.9
ligand_1730.log,-8.9
ligand_1476.log,-8.4
ligand_1069.log,-9.7
ligand_1362.log,-7.6
ligand_2001.log,-6.7
ligand_1595.log,-7.8
ligand_1211.log,-9.3
ligand_1721.log,-4.5
ligand_1477.log,-8.6
ligand_1848.log,-9.0
ligand_1359.log,-9.1
ligand_1067.log,-10.6
ligand_1991.log,8.5
ligand_1475.log,-5.6
ligand_160.log,-8.0
ligand_1212.log,-9.6
ligand_1723.log,-8.9
ligand_1849.log,-8.0
ligand_1481.log,-9.4
ligand_1355.log,-8.5
ligand_2016.log,-8.0
ligand_122.log,-8.3
ligand_1081.log,-8.5
ligand_1596.log,-5.3
ligand_1726.log,-8.3
ligand_184.log,-4.0
ligand_1603.log,-1.9
ligand_1835.log,-8.7
ligand_1239.log,-8.0
ligand_1358.log,-7.4
ligand_1734.log,-8.2
ligand_1068.log,-10.3
ligand_1479.log,-8.7
ligand_1598.log,-9.1
ligand_2018.log,-9.0
ligand_1746.log,6.6
ligand_1478.log,-7.2
ligand_1364.log,-9.4
ligand_1242.log,-8.5
ligand_183.log,-6.4
ligand_1615.log,9.1
ligand_1082.log,-9.3
ligand_190.log,-6.5
ligand_147.log,-11.2
ligand_1736.log,-9.8
ligand_1243.log,-9.4
ligand_1850.log,-8.7
ligand_1994.log,-9.0
ligand_1599.log,-2.3
ligand_135.log,-9.1
ligand_1737.log,-8.4
ligand_1083.log,-9.4
ligand_1480.log,-1.6
ligand_1917.log,-8.8
ligand_1617.log,-8.0
ligand_1992.log,-1.2
ligand_1739.log,-7.9
ligand_1241.log,-8.7
ligand_1482.log,3.8
ligand_1361.log,-1.5
ligand_1745.log,5.9
ligand_1619.log,-7.5
ligand_1249.log,-7.0
ligand_1851.log,-8.1
ligand_1998.log,9.1
ligand_1086.log,-9.2
ligand_1485.log,-5.3
ligand_1253.log,-9.0
ligand_1628.log,-8.2
ligand_1366.log,-8.2
ligand_187.log,-5.8
ligand_1252.log,-9.2
ligand_1486.log,17.9
ligand_1997.log,10.4
ligand_185.log,-6.5
ligand_1748.log,-5.8
ligand_1618.log,-7.6
ligand_1084.log,-9.6
ligand_1915.log,-1.5
ligand_1246.log,-9.0
ligand_1743.log,-7.1
ligand_1497.log,-4.3
ligand_1363.log,-7.8
ligand_1620.log,-0.1
ligand_199.log,-4.8
ligand_1088.log,-8.3
ligand_1738.log,-8.4
ligand_189.log,-6.3
ligand_1487.log,-3.8
ligand_1360.log,-9.5
ligand_123.log,-7.3
ligand_1623.log,-3.5
ligand_191.log,-6.0
ligand_173.log,-4.6
ligand_188.log,2.7
ligand_1993.log,-9.0
ligand_1741.log,-8.5
ligand_1488.log,-8.5
ligand_186.log,-6.6
ligand_1633.log,-9.9
ligand_1368.log,-8.9
ligand_1245.log,-9.7
ligand_1916.log,-10.9
ligand_1740.log,-7.7
ligand_1626.log,-6.6
ligand_1089.log,-8.5
ligand_1995.log,-1.8
ligand_1498.log,-8.9
ligand_1744.log,-7.3
ligand_1914.log,-1.8
ligand_1625.log,-7.4
ligand_1483.log,-8.7
ligand_1369.log,-6.9
ligand_1251.log,-6.9
ligand_1247.log,-9.2
ligand_1999.log,-8.6
ligand_1918.log,-8.6
ligand_1629.log,-8.8
ligand_1484.log,3.4
ligand_1742.log,-10.1
ligand_1087.log,-8.6
ligand_137.log,4.1
ligand_1749.log,-6.0
ligand_2003.log,-8.1
ligand_1632.log,-5.5
ligand_124.log,-8.0
ligand_1499.log,-7.9
ligand_1373.log,-8.9
ligand_1919.log,-8.6
ligand_174.log,-5.7
ligand_1248.log,-2.9
ligand_2019.log,-9.4
ligand_1622.log,-3.2
ligand_1750.log,-6.1
ligand_149.log,-5.8
ligand_1099.log,-8.5
ligand_1254.log,-9.4
ligand_1757.log,-7.4
ligand_1091.log,-8.3
ligand_1621.log,-5.7
ligand_1372.log,-3.5
ligand_1920.log,-2.9
ligand_1250.log,-7.9
ligand_1758.log,-5.9
ligand_1503.log,-8.3
ligand_162.log,-9.5
ligand_1255.log,25.3
ligand_2020.log,-8.1
ligand_1751.log,-6.5
ligand_1500.log,-8.3
ligand_1370.log,-8.0
ligand_1929.log,-5.1
ligand_1285.log,-7.7
ligand_175.log,-4.4
ligand_1085.log,-7.9
ligand_1505.log,-8.1
ligand_1759.log,-7.9
ligand_1921.log,-9.5
ligand_161.log,-8.8
ligand_2023.log,-9.8
ligand_1256.log,-9.3
ligand_1501.log,-8.1
ligand_1754.log,-6.7
ligand_1090.log,6.5
ligand_1624.log,-5.7
ligand_1258.log,-9.1
ligand_201.log,-7.3
ligand_1752.log,-6.4
ligand_1383.log,3.1
ligand_1504.log,-8.5
ligand_1930.log,-3.2
ligand_166.log,-9.9
ligand_1260.log,-8.9
ligand_1755.log,-6.4
ligand_1502.log,-8.2
ligand_1923.log,-9.2
ligand_1389.log,-5.3
ligand_2022.log,-7.2
ligand_127.log,-7.3
ligand_1763.log,13.9
ligand_1510.log,-6.0
ligand_2024.log,-4.4
ligand_1094.log,-8.6
ligand_1756.log,-6.3
ligand_1284.log,-7.4
ligand_1648.log,-9.3
ligand_1938.log,-5.2
ligand_136.log,-7.0
ligand_1928.log,-9.8
ligand_1507.log,-7.8
ligand_1760.log,-8.1
ligand_1281.log,-7.2
ligand_1385.log,-9.5
ligand_2029.log,-8.6
ligand_1511.log,-7.0
ligand_1753.log,-6.2
ligand_1647.log,-8.6
ligand_1259.log,-8.5
ligand_1922.log,-2.4
ligand_1384.log,-7.0
ligand_1095.log,-8.4
ligand_202.log,-6.0
ligand_1506.log,-6.3
ligand_1277.log,3.0
ligand_1765.log,-7.8
ligand_1654.log,-8.7
ligand_2034.log,-9.3
ligand_1390.log,-7.8
ligand_109.log,-2.1
ligand_1512.log,-5.9
ligand_1762.log,-7.9
ligand_1932.log,-4.8
ligand_1257.log,-8.5
ligand_1092.log,-9.9
ligand_2033.log,-9.1
ligand_1646.log,-7.4
ligand_1764.log,-7.8
ligand_1387.log,10.5
ligand_1509.log,-5.9
ligand_1927.log,-3.9
ligand_1280.log,-6.9
ligand_1761.log,-7.9
ligand_2032.log,-9.4
ligand_1634.log,-8.3
ligand_126.log,-1.9
ligand_1513.log,-6.2
ligand_1386.log,-5.3
ligand_1937.log,-5.1
ligand_1093.log,-8.2
ligand_1767.log,-9.6
ligand_2021.log,-7.9
ligand_1650.log,-9.8
ligand_1282.log,-8.2
ligand_2030.log,-8.0
ligand_1935.log,-3.3
ligand_151.log,-9.7
ligand_138.log,-0.9
ligand_1776.log,-7.5
ligand_2031.log,-1.6
ligand_1639.log,0.0
ligand_1395.log,-7.8
ligand_1936.log,-8.1
ligand_1104.log,-10.0
ligand_1766.log,-8.3
ligand_2035.log,-8.9
ligand_1283.log,-8.4
ligand_1934.log,-8.9
ligand_1514.log,-8.3
ligand_1651.log,-9.1
ligand_1402.log,-6.8
ligand_1769.log,-9.0
ligand_2037.log,-3.6
ligand_125.log,-6.9
ligand_1508.log,-6.2
ligand_1924.log,-9.6
ligand_1119.log,-9.8
ligand_1770.log,-9.5
ligand_1391.log,3.7
ligand_1291.log,-9.5
ligand_2036.log,-9.6
ligand_1649.log,-7.9
ligand_1529.log,-8.2
ligand_1105.log,-7.8
ligand_1405.log,-8.1
ligand_1773.log,-7.8
ligand_1931.log,-5.1
ligand_2040.log,1.9
ligand_1286.log,-8.5
ligand_1525.log,-9.8
ligand_1670.log,1.3
ligand_1403.log,-9.5
ligand_1779.log,-9.4
ligand_1933.log,0.3
ligand_2038.log,1.8
ligand_1287.log,-6.9
ligand_1659.log,-7.5
ligand_194.log,-6.2
ligand_2069.log,-7.7
ligand_1114.log,-7.3
ligand_1942.log,13.9
ligand_1289.log,-8.6
ligand_1530.log,-10.3
ligand_1392.log,-4.6
ligand_2039.log,-1.0
ligand_1658.log,-9.6
ligand_1945.log,0.9
ligand_1293.log,-8.4
ligand_2072.log,-8.0
ligand_1406.log,-5.6
ligand_1527.log,-10.4
ligand_1101.log,-7.0
ligand_1946.log,-8.3
ligand_2044.log,-7.4
ligand_1657.log,-7.7
ligand_1407.log,-3.6
ligand_1288.log,-8.8
ligand_1107.log,-9.0
ligand_208.log,-6.8
ligand_2046.log,2.4
ligand_1394.log,-5.6
ligand_164.log,-8.4
ligand_1290.log,-8.5
ligand_1528.log,-7.6
ligand_1947.log,-5.6
ligand_1653.log,-7.1
ligand_206.log,-7.0
ligand_1297.log,-6.6
ligand_219.log,-8.8
ligand_2045.log,4.1
ligand_1538.log,-8.6
ligand_1102.log,-8.1
ligand_139.log,-3.9
ligand_1301.log,-9.3
ligand_1671.log,-10.1
ligand_1393.log,-6.8
ligand_1296.log,-5.9
ligand_2092.log,-6.0
ligand_2208.log,-7.2
ligand_2041.log,-1.6
ligand_1531.log,-10.5
ligand_2203.log,-8.7
ligand_1672.log,-8.9
ligand_1111.log,-7.3
ligand_1404.log,-7.9
ligand_1299.log,-8.6
ligand_2076.log,-3.6
ligand_2064.log,-9.1
ligand_2210.log,-8.8
ligand_1675.log,-8.9
ligand_2338.log,-10.5
ligand_1408.log,-7.6
ligand_1541.log,-7.6
ligand_2075.log,-5.0
ligand_2043.log,-7.7
ligand_1110.log,-7.4
ligand_1532.log,-4.5
ligand_1685.log,-4.4
ligand_1412.log,-9.1
ligand_2337.log,-10.0
ligand_2071.log,-8.1
ligand_2206.log,-4.9
ligand_1411.log,-9.4
ligand_1674.log,-9.5
ligand_203.log,-6.3
ligand_233.log,-8.2
ligand_2201.log,-8.7
ligand_140.log,3.7
ligand_1103.log,-9.3
ligand_1681.log,-6.5
ligand_2489.log,-6.4
ligand_2207.log,-6.7
ligand_2107.log,-8.0
ligand_1414.log,-9.0
ligand_2202.log,-7.5
ligand_1684.log,-5.5
ligand_2340.log,-7.3
ligand_205.log,-4.8
ligand_220.log,-8.8
ligand_2490.log,3.6
ligand_1113.log,-8.0
ligand_2102.log,-8.5
ligand_1673.log,-9.3
ligand_1416.log,-6.6
ligand_2336.log,-10.2
ligand_2616.log,-10.2
ligand_2493.log,-6.1
ligand_2062.log,-5.3
ligand_1418.log,2.0
ligand_2109.log,-7.6
ligand_2204.log,-8.5
ligand_1115.log,-8.3
ligand_2339.log,1.4
ligand_2200.log,-8.6
ligand_2042.log,27.9
ligand_2612.log,-7.7
ligand_2492.log,-8.3
ligand_2344.log,-8.9
ligand_2205.log,-7.7
ligand_1417.log,10.0
ligand_2101.log,-9.2
ligand_2211.log,-8.5
ligand_2619.log,-8.7
ligand_2063.log,-7.1
ligand_1116.log,-7.3
ligand_2342.log,-6.9
ligand_2496.log,-7.2
ligand_2103.log,-9.5
ligand_1415.log,-7.6
ligand_2212.log,-2.1
ligand_2620.log,-9.4
ligand_2347.log,-1.9
ligand_204.log,-6.3
ligand_2491.log,2.0
ligand_1106.log,-9.5
ligand_1420.log,-5.6
ligand_2214.log,-9.4
ligand_210.log,-5.8
ligand_2065.log,-9.6
ligand_2621.log,-8.4
ligand_2341.log,-8.1
ligand_2216.log,-9.0
ligand_2500.log,1.0
ligand_2724.log,-8.0
ligand_207.log,-6.5
ligand_2343.log,-8.3
ligand_2106.log,-8.3
ligand_1117.log,-8.0
ligand_2487.log,-8.6
ligand_2615.log,-5.6
ligand_2346.log,-6.0
ligand_2723.log,-8.8
ligand_2222.log,-8.2
ligand_1118.log,-7.5
ligand_2105.log,-11.0
ligand_2067.log,-9.1
ligand_2494.log,-7.7
ligand_2617.log,-9.3
ligand_2728.log,-10.0
ligand_1124.log,-9.6
ligand_2345.log,-9.4
ligand_2215.log,17.2
ligand_2066.log,-9.6
ligand_2495.log,-3.2
ligand_2348.log,-9.8
ligand_209.log,-8.3
ligand_2622.log,-10.1
ligand_2224.log,-10.2
ligand_2727.log,-3.9
ligand_2074.log,-9.1
ligand_111.log,-6.6
ligand_2498.log,-1.4
ligand_2110.log,-8.8
ligand_234.log,-10.0
ligand_2077.log,16.1
ligand_1123.log,-10.2
ligand_2618.log,-8.4
ligand_2225.log,-9.4
ligand_2752.log,-8.6
ligand_2497.log,-8.0
ligand_2755.log,-8.3
ligand_2104.log,-6.1
ligand_2850.log,-8.7
ligand_1122.log,-5.8
ligand_2219.log,-9.2
ligand_2754.log,-8.6
ligand_2626.log,-5.7
ligand_2499.log,-8.0
ligand_2355.log,-8.1
ligand_2725.log,-9.7
ligand_2113.log,-9.7
ligand_2869.log,-8.7
ligand_2349.log,-10.0
ligand_249.log,-8.5
ligand_1120.log,-7.5
ligand_2218.log,-10.4
ligand_2623.log,-8.8
ligand_2875.log,-6.6
ligand_2114.log,-10.3
ligand_2753.log,-6.1
ligand_2879.log,-6.2
ligand_2514.log,-8.7
ligand_1131.log,-5.7
ligand_2356.log,-8.7
ligand_2737.log,15.7
ligand_2220.log,-8.8
ligand_2614.log,-9.6
ligand_2873.log,-8.2
ligand_2354.log,-9.8
ligand_2511.log,-6.3
ligand_2112.log,-8.1
ligand_2735.log,-9.9
ligand_1130.log,-9.1
ligand_2624.log,-7.6
ligand_2223.log,-9.4
ligand_2353.log,-8.9
ligand_2872.log,-8.5
ligand_2504.log,-8.4
ligand_2117.log,-7.9
ligand_2512.log,-9.1
ligand_2357.log,-8.9
ligand_1136.log,-8.8
ligand_2213.log,-8.8
ligand_2734.log,-10.8
ligand_2613.log,-7.3
ligand_286.log,-6.8
ligand_1140.log,-8.6
ligand_2115.log,-6.3
ligand_235.log,-0.8
ligand_2501.log,-7.3
ligand_2625.log,-9.9
ligand_2878.log,-8.8
ligand_2351.log,-8.5
ligand_2221.log,-7.8
ligand_1121.log,-9.6
ligand_272.log,-10.1
ligand_2135.log,-3.0
ligand_2505.log,-8.0
ligand_2352.log,-7.6
ligand_2871.log,-9.1
ligand_1138.log,-9.1
ligand_2217.log,-9.1
ligand_2136.log,14.8
ligand_2627.log,-7.0
ligand_2506.log,-8.9
ligand_274.log,-7.8
ligand_2350.log,-8.5
ligand_2116.log,-9.1
ligand_2870.log,-8.6
ligand_1127.log,-10.4
ligand_2503.log,-8.7
ligand_221.log,-8.6
ligand_273.log,-6.3
ligand_2629.log,-8.6
ligand_2876.log,-7.1
ligand_2502.log,-6.5
ligand_2134.log,-1.5
ligand_2361.log,-9.2
ligand_275.log,-8.0
ligand_222.log,-9.1
ligand_2883.log,2.3
ligand_2643.log,-7.4
ligand_2976.log,-9.2
ligand_250.log,-8.3
ligand_212.log,-9.0
ligand_2882.log,-9.2
ligand_2240.log,-8.3
ligand_2763.log,-8.8
ligand_2359.log,-8.8
ligand_2983.log,-10.5
ligand_2509.log,-6.2
ligand_2137.log,9.2
ligand_2877.log,-2.0
ligand_2362.log,-8.9
ligand_2631.log,-6.5
ligand_2982.log,-7.2
ligand_2779.log,5.2
ligand_2242.log,-4.8
ligand_2121.log,3.2
ligand_2508.log,-6.6
ligand_297.log,-9.4
ligand_287.log,-5.8
ligand_213.log,-7.3
ligand_2358.log,-7.9
ligand_2246.log,0.3
ligand_2634.log,-10.2
ligand_2513.log,-10.4
ligand_2766.log,1.2
ligand_2981.log,6.0
ligand_2367.log,-8.9
ligand_2880.log,-8.1
ligand_2140.log,-10.3
ligand_2284.log,-6.5
ligand_2764.log,27.7
ligand_2979.log,-9.5
ligand_2881.log,-8.4
ligand_2630.log,-9.1
ligand_2507.log,-1.3
ligand_2368.log,-9.0
ligand_277.log,-7.0
ligand_2279.log,-11.5
ligand_2985.log,-6.5
ligand_211.log,-5.9
ligand_2510.log,-7.3
ligand_2989.log,-9.3
ligand_2885.log,-9.7
ligand_2628.log,-9.6
ligand_2765.log,37.6
ligand_2905.log,-8.6
ligand_2364.log,-8.5
ligand_2241.log,-8.9
ligand_2118.log,35.1
ligand_2515.log,7.0
ligand_2632.log,-9.6
ligand_2991.log,-10.6
ligand_2768.log,20.3
ligand_2141.log,-9.2
ligand_2377.log,8.7
ligand_2517.log,4.7
ligand_2913.log,-9.8
ligand_2281.log,-9.9
ligand_2516.log,-7.8
ligand_2770.log,18.0
ligand_2142.log,-8.8
ligand_2369.log,-9.2
ligand_2988.log,-7.9
ligand_2637.log,-7.4
ligand_2909.log,-8.2
ligand_2278.log,-2.7
ligand_251.log,-9.9
ligand_2767.log,-4.8
ligand_2906.log,-9.4
ligand_2153.log,-9.2
ligand_2650.log,-10.0
ligand_298.log,-8.9
ligand_2370.log,3.4
ligand_2280.log,-8.2
ligand_2146.log,-8.2
ligand_2518.log,-5.8
ligand_2884.log,-7.5
ligand_276.log,-4.6
ligand_2363.log,-8.9
ligand_2648.log,-5.2
ligand_2990.log,-9.2
ligand_2282.log,-4.1
ligand_2156.log,-9.4
ligand_2904.log,-8.1
ligand_2523.log,1.1
ligand_2771.log,22.2
ligand_2375.log,-7.6
ligand_2980.log,-8.2
ligand_2247.log,-8.7
ligand_2633.log,-10.0
ligand_2520.log,-9.4
ligand_2898.log,-8.2
ligand_2785.log,-8.6
ligand_2245.log,-8.8
ligand_2155.log,3.3
ligand_236.log,-8.2
ligand_2987.log,-7.6
ligand_2525.log,-7.5
ligand_2283.log,-7.8
ligand_2371.log,-8.9
ligand_288.log,-6.7
ligand_2795.log,-8.8
ligand_2984.log,-9.9
ligand_2150.log,3.8
ligand_2653.log,-7.5
ligand_2519.log,-7.6
ligand_2372.log,-9.8
ligand_2291.log,-7.4
ligand_2651.log,-8.1
ligand_2986.log,-8.1
ligand_2895.log,-5.0
ligand_2157.log,-6.2
ligand_2786.log,-8.4
ligand_2529.log,-6.8
ligand_2292.log,-6.8
ligand_2374.log,1.5
ligand_2652.log,-6.9
ligand_2907.log,-9.2
ligand_2992.log,-7.1
ligand_2787.log,-8.2
ligand_2524.log,-5.8
ligand_2644.log,-8.7
ligand_2144.log,-9.0
ligand_2376.log,-8.7
ligand_2285.log,-7.7
ligand_2522.log,-7.7
ligand_2908.log,1.9
ligand_2794.log,-9.1
ligand_2996.log,12.2
ligand_2654.log,-7.4
ligand_2378.log,-8.5
ligand_2294.log,-7.4
ligand_2158.log,-9.7
ligand_2530.log,-7.5
ligand_2912.log,-10.5
ligand_2788.log,-8.8
ligand_2655.log,-7.8
ligand_2298.log,-4.7
ligand_2993.log,-9.0
ligand_2521.log,-8.9
ligand_2373.log,2.7
ligand_2152.log,-8.6
ligand_2668.log,-7.8
ligand_278.log,-7.3
ligand_2526.log,-8.6
ligand_2379.log,-4.1
ligand_229.log,-9.2
ligand_2995.log,1.1
ligand_2910.log,-9.1
ligand_2154.log,-4.4
ligand_237.log,-3.8
ligand_2998.log,-9.3
ligand_2793.log,-8.8
ligand_2288.log,-5.2
ligand_2528.log,-8.9
ligand_2657.log,-5.1
ligand_290.log,-8.9
ligand_2380.log,-8.0
ligand_2159.log,-4.7
ligand_300.log,-7.4
ligand_2286.log,-7.7
ligand_2790.log,-8.0
ligand_252.log,-9.4
ligand_214.log,-4.7
ligand_2667.log,-8.2
ligand_3004.log,-9.3
ligand_289.log,-3.7
ligand_2299.log,-4.6
ligand_238.log,5.7
ligand_2792.log,-8.8
ligand_215.log,-5.7
ligand_2389.log,-9.0
ligand_2297.log,-3.6
ligand_2531.log,-8.2
ligand_2660.log,-8.3
ligand_2914.log,-9.7
ligand_2994.log,-2.0
ligand_2789.log,-7.7
ligand_2160.log,-1.5
ligand_2534.log,-7.6
ligand_2387.log,-10.1
ligand_2999.log,-9.6
ligand_2659.log,-2.3
ligand_2287.log,-7.4
ligand_2161.log,-8.0
ligand_279.log,-9.1
ligand_2533.log,-4.0
ligand_2394.log,-9.3
ligand_2915.log,-9.3
ligand_3001.log,8.2
ligand_2165.log,-0.3
ligand_2658.log,-6.0
ligand_2289.log,-4.1
ligand_299.log,-9.3
ligand_2392.log,6.2
ligand_2535.log,-8.7
ligand_2798.log,-6.9
ligand_2295.log,-7.9
ligand_2164.log,-7.4
ligand_2918.log,-8.0
ligand_2796.log,-6.2
ligand_2665.log,-8.3
ligand_2532.log,-3.2
ligand_2162.log,-7.5
ligand_2382.log,-9.9
ligand_2791.log,-10.6
ligand_2300.log,-5.0
ligand_3000.log,-5.3
ligand_2666.log,-8.7
ligand_2538.log,-3.7
ligand_2919.log,-10.2
ligand_2385.log,-9.3
ligand_2169.log,-5.2
ligand_2296.log,-7.6
ligand_2797.log,-4.3
ligand_2.log,-8.3
ligand_2662.log,-8.0
ligand_2381.log,-5.8
ligand_2293.log,-7.0
ligand_2545.log,-10.3
ligand_2917.log,-10.7
ligand_2799.log,-5.0
ligand_2166.log,-9.0
ligand_2664.log,-8.6
ligand_3003.log,-10.4
ligand_2395.log,-8.4
ligand_2305.log,-8.1
ligand_2800.log,-4.4
ligand_2916.log,-10.1
ligand_2163.log,17.4
ligand_2656.log,-8.1
ligand_2546.log,-9.5
ligand_2301.log,-7.1
ligand_2393.log,-8.7
ligand_2806.log,5.4
ligand_3008.log,-9.5
ligand_2170.log,0.2
ligand_2661.log,-8.5
ligand_2304.log,-9.3
ligand_2391.log,-7.9
ligand_2923.log,1.8
ligand_2811.log,-5.9
ligand_254.log,-7.2
ligand_2172.log,-7.7
ligand_3009.log,-4.7
ligand_2669.log,-3.8
ligand_2302.log,-7.9
ligand_2928.log,-8.9
ligand_2388.log,-9.9
ligand_2808.log,6.7
ligand_3002.log,-7.5
ligand_2308.log,-6.7
ligand_2663.log,-8.2
ligand_2171.log,5.6
ligand_2812.log,-6.5
ligand_291.log,-6.8
ligand_2540.log,-3.9
ligand_2386.log,-9.5
ligand_2314.log,48.3
ligand_3027.log,-5.2
ligand_2678.log,-9.7
ligand_3010.log,-4.3
ligand_2168.log,-5.6
ligand_2390.log,-6.1
ligand_2809.log,-5.9
ligand_3011.log,9.1
ligand_2550.log,10.3
ligand_2306.log,-8.6
ligand_2927.log,-7.1
ligand_2670.log,-4.6
ligand_217.log,-8.0
ligand_2813.log,-4.8
ligand_3014.log,5.5
ligand_2400.log,-9.0
ligand_2307.log,-7.3
ligand_2548.log,-7.9
ligand_2177.log,13.3
ligand_2924.log,-9.3
ligand_2671.log,-7.6
ligand_3015.log,-9.3
ligand_2303.log,-8.5
ligand_2397.log,-9.9
ligand_2807.log,-0.2
ligand_2549.log,9.8
ligand_2925.log,-9.9
ligand_2179.log,-7.1
ligand_2316.log,6.1
ligand_253.log,-9.1
ligand_3024.log,-8.1
ligand_2683.log,-9.9
ligand_239.log,-6.7
ligand_2801.log,1.6
ligand_2313.log,-8.3
ligand_2684.log,-9.4
ligand_2173.log,-8.8
ligand_2804.log,0.3
ligand_2401.log,-9.3
ligand_2920.log,-10.9
ligand_3026.log,-7.6
ligand_255.log,-3.9
ligand_2309.log,-7.8
ligand_2805.log,6.1
ligand_2680.log,-8.7
ligand_2398.log,-8.7
ligand_2929.log,-8.5
ligand_2167.log,-8.1
ligand_230.log,-7.6
ligand_301.log,-1.8
ligand_2817.log,2.8
ligand_2674.log,-8.2
ligand_2396.log,-10.4
ligand_2547.log,-10.1
ligand_2318.log,-8.9
ligand_3022.log,-8.3
ligand_2182.log,0.3
ligand_2685.log,-9.6
ligand_2922.log,-10.0
ligand_2803.log,0.9
ligand_242.log,-2.9
ligand_2317.log,19.0
ligand_2566.log,1.2
ligand_2819.log,-8.5
ligand_2186.log,-9.0
ligand_2682.log,-4.8
ligand_2323.log,-0.0
ligand_2921.log,8.3
ligand_241.log,2.6
ligand_3023.log,-8.1
ligand_2187.log,-7.5
ligand_256.log,-8.0
ligand_2810.log,-6.4
ligand_2319.log,-9.1
ligand_2399.log,-9.2
ligand_2679.log,-8.6
ligand_2930.log,-9.7
ligand_280.log,-4.8
ligand_3028.log,-4.1
ligand_2321.log,-10.2
ligand_2181.log,-10.5
ligand_3012.log,4.8
ligand_2434.log,-7.3
ligand_2569.log,-9.7
ligand_2687.log,-7.8
ligand_2931.log,-9.4
ligand_3017.log,-9.1
ligand_231.log,-7.6
ligand_2837.log,-8.4
ligand_2433.log,-6.2
ligand_218.log,-7.6
ligand_281.log,-6.9
ligand_3025.log,-5.9
ligand_293.log,-6.3
ligand_2686.log,-6.1
ligand_2320.log,-7.9
ligand_2570.log,-5.7
ligand_245.log,-9.6
ligand_2183.log,10.1
ligand_3021.log,-9.0
ligand_2688.log,-8.8
ligand_2844.log,-9.1
ligand_2185.log,-7.7
ligand_2568.log,-9.6
ligand_2322.log,-7.8
ligand_2933.log,-10.5
ligand_283.log,-8.4
ligand_2690.log,-9.4
ligand_2406.log,-6.9
ligand_3013.log,6.8
ligand_2194.log,-6.8
ligand_2331.log,9.6
ligand_2689.log,-9.0
ligand_2937.log,-5.8
ligand_3031.log,-7.6
ligand_2830.log,-8.2
ligand_2193.log,4.9
ligand_257.log,-4.9
ligand_3029.log,-1.5
ligand_2681.log,-9.5
ligand_2932.log,-9.5
ligand_2328.log,-3.4
ligand_244.log,-8.5
ligand_2184.log,-5.5
ligand_2831.log,-9.4
ligand_302.log,-8.1
ligand_2324.log,-8.1
ligand_2576.log,-7.1
ligand_2935.log,-9.9
ligand_2694.log,-0.3
ligand_2188.log,-4.4
ligand_240.log,-1.9
ligand_3032.log,-7.2
ligand_282.log,-8.6
ligand_2573.log,-7.2
ligand_2330.log,-9.1
ligand_3039.log,-7.6
ligand_2402.log,-9.8
ligand_303.log,-6.7
ligand_2698.log,-6.8
ligand_2581.log,-7.0
ligand_2192.log,-2.8
ligand_2938.log,-9.1
ligand_2847.log,-8.9
ligand_2329.log,-3.2
ligand_2692.log,-10.7
ligand_246.log,-9.0
ligand_2575.log,-7.0
ligand_2190.log,-7.7
ligand_2845.log,-8.8
ligand_3042.log,6.8
ligand_2939.log,-10.3
ligand_2325.log,-7.9
ligand_2693.log,11.9
ligand_2579.log,-8.1
ligand_2846.log,-7.7
ligand_2189.log,-8.1
ligand_2481.log,-8.1
ligand_2326.log,-8.1
ligand_2942.log,-9.4
ligand_2571.log,-10.6
ligand_3040.log,-7.6
ligand_2836.log,-8.0
ligand_2696.log,-8.7
ligand_3033.log,2.8
ligand_2466.log,4.9
ligand_2327.log,-8.3
ligand_2195.log,-7.9
ligand_2943.log,-10.4
ligand_2838.log,-4.6
ligand_2695.log,-8.2
ligand_2483.log,-8.4
ligand_2580.log,-6.8
ligand_3037.log,-7.6
ligand_2191.log,-7.4
ligand_232.log,-7.3
ligand_3041.log,-4.7
ligand_2934.log,10.6
ligand_2578.log,-6.7
ligand_2701.log,-7.8
ligand_2476.log,-8.7
ligand_2197.log,-9.1
ligand_2332.log,-9.2
ligand_2848.log,-9.5
ligand_3034.log,2.1
ligand_2702.log,-8.0
ligand_2577.log,-7.4
ligand_2196.log,22.3
ligand_2944.log,-9.3
ligand_2484.log,-8.3
ligand_2333.log,-6.8
ligand_2839.log,-6.6
ligand_2706.log,-9.6
ligand_2198.log,-7.5
ligand_2574.log,-7.6
ligand_3044.log,-7.0
ligand_2199.log,-7.7
ligand_2940.log,-9.2
ligand_2597.log,-7.0
ligand_2334.log,-8.7
ligand_2849.log,-9.2
ligand_2485.log,-8.8
ligand_2708.log,-9.6
ligand_3063.log,-9.4
ligand_2587.log,-8.7
ligand_2335.log,-9.7
ligand_2855.log,-8.4
ligand_3043.log,-9.4
ligand_2941.log,-9.2
ligand_2473.log,-5.9
ligand_2707.log,-9.9
ligand_2585.log,-9.4
ligand_3067.log,-9.7
ligand_319.log,-2.1
ligand_2868.log,-9.3
ligand_2936.log,-8.8
ligand_2599.log,-9.3
ligand_2703.log,-9.4
ligand_3030.log,-7.4
ligand_3076.log,-9.3
ligand_3195.log,-5.8
ligand_2865.log,-6.6
ligand_2480.log,-8.4
ligand_3197.log,-6.5
ligand_3046.log,-8.7
ligand_2711.log,-0.5
ligand_2858.log,25.1
ligand_3196.log,-6.5
ligand_2948.log,-7.9
ligand_2582.log,-7.5
ligand_323.log,-0.3
ligand_3077.log,-8.9
ligand_2477.log,-8.7
ligand_2709.log,-9.8
ligand_3050.log,-6.3
ligand_284.log,-5.3
ligand_322.log,-5.5
ligand_2598.log,-6.3
ligand_2949.log,-7.3
ligand_3045.log,-6.3
ligand_3083.log,-5.5
ligand_2478.log,-8.7
ligand_2596.log,-8.5
ligand_2712.log,-9.0
ligand_2853.log,-8.7
ligand_2953.log,-7.6
ligand_337.log,-9.0
ligand_3082.log,-6.8
ligand_2600.log,19.0
ligand_2474.log,-5.1
ligand_3078.log,-7.7
ligand_2852.log,-8.8
ligand_2715.log,-6.3
ligand_324.log,-9.5
ligand_2954.log,-9.4
ligand_3058.log,-8.3
ligand_308.log,-5.5
ligand_2866.log,-9.5
ligand_2586.log,-6.7
ligand_2713.log,-8.0
ligand_333.log,-7.6
ligand_3048.log,-10.2
ligand_2475.log,-8.3
ligand_2957.log,-7.9
ligand_2583.log,37.7
ligand_3080.log,-7.2
ligand_2718.log,-9.1
ligand_2857.log,-8.1
ligand_334.log,-6.3
ligand_2479.log,-8.7
ligand_2601.log,-10.2
ligand_2945.log,-8.8
ligand_307.log,-7.4
ligand_3059.log,-8.5
ligand_2867.log,-8.8
ligand_335.log,-8.7
ligand_271.log,-6.9
ligand_247.log,-8.5
ligand_2714.log,-9.0
ligand_2588.log,-9.5
ligand_3047.log,0.6
ligand_2951.log,-5.7
ligand_2854.log,-9.5
ligand_325.log,-7.3
ligand_3089.log,-8.1
ligand_2719.log,-10.4
ligand_3056.log,-5.0
ligand_294.log,-8.2
ligand_2482.log,-8.3
ligand_285.log,-6.3
ligand_330.log,-8.6
ligand_2595.log,-8.9
ligand_3054.log,1.1
ligand_3088.log,9.9
ligand_270.log,-7.5
ligand_2947.log,-9.5
ligand_329.log,-9.3
ligand_2584.log,-6.7
ligand_2722.log,-8.5
ligand_2486.log,-9.3
ligand_2851.log,-9.1
ligand_3052.log,4.5
ligand_3085.log,-7.6
ligand_327.log,-9.9
ligand_2591.log,-6.6
ligand_2859.log,-9.3
ligand_2717.log,-9.4
ligand_3049.log,-8.8
ligand_2950.log,-7.5
ligand_248.log,-9.4
ligand_3093.log,-8.2
ligand_328.log,-9.4
ligand_2856.log,-9.8
ligand_2956.log,-7.8
ligand_2721.log,-8.8
ligand_2609.log,0.2
ligand_305.log,-7.1
ligand_3450.log,-9.2
ligand_326.log,-9.8
ligand_3086.log,27.0
ligand_3543.log,-9.1
ligand_2952.log,-5.4
ligand_2720.log,-8.4
ligand_331.log,-9.4
ligand_2955.log,-4.7
ligand_2610.log,1.6
ligand_3090.log,-9.1
ligand_3547.log,-8.1
ligand_3451.log,-5.6
ligand_2710.log,-10.7
ligand_3053.log,-3.6
ligand_3538.log,-8.2
ligand_336.log,-8.5
ligand_3091.log,-9.1
ligand_2959.log,-7.4
ligand_3448.log,-9.0
ligand_3663.log,-7.7
ligand_3055.log,4.4
ligand_2716.log,-7.1
ligand_332.log,-9.8
ligand_2958.log,-9.3
ligand_3667.log,-7.8
ligand_3057.log,-2.2
ligand_3092.log,-10.2
ligand_354.log,1.5
ligand_366.log,-6.3
ligand_3452.log,-6.7
ligand_3780.log,-10.6
ligand_3381.log,-6.3
ligand_2965.log,-10.1
ligand_3060.log,-8.7
ligand_3380.log,-7.0
ligand_3087.log,4.0
ligand_3384.log,-8.3
ligand_3065.log,-9.5
ligand_344.log,7.4
ligand_3546.log,-10.6
ligand_338.log,-9.1
ligand_3671.log,-3.1
ligand_3768.log,-10.2
ligand_2967.log,-10.6
ligand_309.log,-5.1
ligand_3556.log,-1.9
ligand_3061.log,-9.3
ligand_3455.log,-9.0
ligand_3385.log,-6.4
ligand_3670.log,-5.3
ligand_3568.log,-7.4
ligand_3391.log,-8.2
ligand_3062.log,-8.5
ligand_3564.log,-4.9
ligand_376.log,4.3
ligand_311.log,-8.8
ligand_3660.log,-7.8
ligand_3463.log,-9.3
ligand_2961.log,-5.2
ligand_3678.log,-7.0
ligand_3070.log,-9.8
ligand_3389.log,-7.5
ligand_3552.log,-10.4
ligand_3120.log,-10.6
ligand_3767.log,-10.5
ligand_2960.log,-7.8
ligand_3392.log,-8.7
ligand_3453.log,-7.7
ligand_3685.log,-8.1
ligand_3553.log,-8.3
ligand_3066.log,-9.8
ligand_2963.log,-10.1
ligand_3134.log,-8.7
ligand_3775.log,-9.4
ligand_3464.log,-7.7
ligand_3382.log,-6.3
ligand_3676.log,-8.5
ligand_3390.log,-9.5
ligand_3071.log,-7.2
ligand_2962.log,-6.9
ligand_310.log,-7.3
ligand_3554.log,-9.4
ligand_3771.log,-9.7
ligand_3457.log,-8.3
ligand_296.log,-9.0
ligand_3673.log,2.9
ligand_3072.log,-9.1
ligand_3393.log,-8.4
ligand_3133.log,-9.4
ligand_2964.log,-8.7
ligand_3681.log,-9.3
ligand_355.log,-10.6
ligand_2978.log,-10.5
ligand_3461.log,-10.0
ligand_3073.log,-9.5
ligand_3776.log,-8.9
ligand_3135.log,-9.0
ligand_3387.log,-6.4
ligand_2975.log,-9.2
ligand_3677.log,-7.3
ligand_3383.log,-4.0
ligand_3777.log,-8.9
ligand_3094.log,-9.4
ligand_3386.log,-8.8
ligand_3069.log,-9.5
ligand_2972.log,-9.4
ligand_3456.log,-8.5
ligand_3551.log,-8.8
ligand_3388.log,-0.7
ligand_3674.log,0.1
ligand_3785.log,-9.0
ligand_3118.log,-7.1
ligand_3064.log,-6.0
ligand_3394.log,-8.5
ligand_356.log,-5.7
ligand_3466.log,-10.0
ligand_2977.log,-8.3
ligand_3682.log,-9.0
ligand_3894.log,-8.2
ligand_3074.log,-9.8
ligand_3124.log,-7.7
ligand_3395.log,-8.6
ligand_3795.log,-7.6
ligand_3683.log,-3.3
ligand_3892.log,-0.2
ligand_3465.log,-7.3
ligand_3550.log,0.3
ligand_3075.log,-8.3
ligand_3893.log,3.9
ligand_3786.log,-9.3
ligand_3561.log,9.3
ligand_3129.log,-9.6
ligand_3396.log,-9.5
ligand_3675.log,-6.5
ligand_3468.log,-10.2
ligand_3903.log,-1.4
ligand_3068.log,-8.8
ligand_3788.log,-8.4
ligand_3679.log,-8.1
ligand_3565.log,-9.9
ligand_3399.log,-10.0
ligand_400.log,-8.2
ligand_3462.log,-9.4
ligand_3121.log,-8.9
ligand_3907.log,-7.4
ligand_367.log,-9.1
ligand_3587.log,-7.9
ligand_3397.log,-9.6
ligand_4012.log,-7.2
ligand_3458.log,-7.7
ligand_3789.log,-10.2
ligand_3585.log,-2.0
ligand_3908.log,-8.0
ligand_3132.log,-8.1
ligand_3586.log,-8.6
ligand_3684.log,-9.5
ligand_4009.log,-10.2
ligand_3401.log,-8.7
ligand_3575.log,-8.2
ligand_3914.log,-9.3
ligand_3454.log,-7.2
ligand_312.log,-9.3
ligand_378.log,-8.6
ligand_3686.log,0.0
ligand_4011.log,-10.0
ligand_3591.log,-6.9
ligand_3913.log,-9.9
ligand_3108.log,-7.2
ligand_3398.log,-9.3
ligand_3589.log,-9.0
ligand_3467.log,-8.3
ligand_3797.log,1.6
ligand_3680.log,-6.3
ligand_4017.log,-9.3
ligand_3909.log,-6.4
ligand_357.log,-7.6
ligand_3131.log,-7.0
ligand_339.log,-9.3
ligand_3798.log,13.6
ligand_3460.log,-10.4
ligand_3687.log,5.2
ligand_3915.log,-8.3
ligand_3145.log,-10.1
ligand_4010.log,-9.4
ligand_3405.log,-9.2
ligand_3592.log,-7.3
ligand_3792.log,-10.9
ligand_368.log,-9.1
ligand_3576.log,-9.8
ligand_3459.log,-9.2
ligand_3916.log,-9.7
ligand_4013.log,-9.5
ligand_3407.log,-8.5
ligand_3136.log,-9.2
ligand_3794.log,-9.1
ligand_3584.log,-7.6
ligand_3924.log,-8.7
ligand_3695.log,-9.8
ligand_3476.log,-6.7
ligand_3588.log,-8.6
ligand_4016.log,-9.9
ligand_3409.log,-6.7
ligand_3139.log,-8.6
ligand_3574.log,-8.3
ligand_3799.log,29.2
ligand_3693.log,-7.6
ligand_3475.log,-8.8
ligand_4014.log,-10.6
ligand_313.log,2.5
ligand_3583.log,-7.8
ligand_3403.log,-10.3
ligand_3698.log,-8.5
ligand_3920.log,-8.5
ligand_3801.log,-9.7
ligand_3590.log,-7.8
ligand_3149.log,-10.3
ligand_3479.log,-10.3
ligand_3596.log,-9.0
ligand_3699.log,-8.7
ligand_4008.log,-10.6
ligand_379.log,-10.7
ligand_3400.log,-9.4
ligand_3594.log,-6.4
ligand_3917.log,-8.7
ligand_3138.log,-9.6
ligand_3694.log,-8.1
ligand_4026.log,-9.4
ligand_3484.log,-7.9
ligand_3613.log,-8.1
ligand_3787.log,-9.1
ligand_3402.log,-9.6
ligand_3696.log,-8.3
ligand_4018.log,-8.6
ligand_3137.log,-8.2
ligand_3926.log,-8.8
ligand_35.log,-10.6
ligand_3474.log,-7.9
ligand_3692.log,-7.5
ligand_3408.log,-8.7
ligand_3142.log,-8.9
ligand_4027.log,-8.2
ligand_3796.log,-7.1
ligand_3690.log,-8.4
ligand_3593.log,-6.2
ligand_3146.log,-10.2
ligand_3922.log,-8.2
ligand_3477.log,-7.6
ligand_4025.log,-6.7
ligand_3611.log,-9.4
ligand_3406.log,-8.1
ligand_3688.log,1.1
ligand_3790.log,-5.8
ligand_3919.log,-9.0
ligand_4032.log,-9.1
ligand_3140.log,-8.9
ligand_3473.log,-9.3
ligand_3404.log,-8.1
ligand_369.log,-8.1
ligand_4031.log,-9.8
ligand_3595.log,-7.4
ligand_314.log,-8.8
ligand_3929.log,-9.1
ligand_3597.log,-7.8
ligand_3813.log,-9.9
ligand_3701.log,-9.1
ligand_4036.log,-10.9
ligand_3612.log,-8.2
ligand_3469.log,-9.5
ligand_340.log,-9.6
ligand_3144.log,-0.8
ligand_3421.log,-9.7
ligand_3697.log,-7.9
ligand_3925.log,-9.3
ligand_360.log,-8.6
ligand_3806.log,-10.1
ligand_402.log,-4.3
ligand_3143.log,-2.7
ligand_3470.log,-6.6
ligand_3691.log,-8.3
ligand_3148.log,-9.9
ligand_4033.log,-8.7
ligand_380.log,-10.3
ligand_3420.log,-10.0
ligand_3480.log,-10.1
ligand_36.log,-10.6
ligand_3918.log,-8.7
ligand_3598.log,-10.2
ligand_4038.log,-9.7
ligand_3807.log,-8.8
ligand_3700.log,-10.7
ligand_3600.log,-10.2
ligand_3478.log,-10.0
ligand_3413.log,-9.5
ligand_3141.log,-8.6
ligand_3923.log,-9.4
ligand_3147.log,-9.9
ligand_4030.log,-8.1
ligand_3803.log,-9.4
ligand_3707.log,-9.0
ligand_3471.log,-8.6
ligand_3410.log,-7.8
ligand_3608.log,-8.5
ligand_4034.log,-9.9
ligand_3927.log,-8.8
ligand_3804.log,-9.3
ligand_316.log,-8.3
ligand_3706.log,-8.9
ligand_3472.log,-5.7
ligand_3411.log,-9.1
ligand_4028.log,-9.7
ligand_3609.log,-8.4
ligand_3809.log,-9.4
ligand_3170.log,-10.7
ligand_392.log,-6.7
ligand_4035.log,-9.5
ligand_3483.log,-7.1
ligand_3422.log,-9.2
ligand_3703.log,-10.7
ligand_3610.log,-8.1
ligand_3814.log,-9.5
ligand_3921.log,-8.4
ligand_3151.log,-9.3
ligand_4029.log,-9.6
ligand_3423.log,-9.6
ligand_3481.log,-10.0
ligand_3704.log,-7.7
ligand_4037.log,-9.3
ligand_3805.log,-8.7
ligand_3601.log,-9.0
ligand_3928.log,-7.4
ligand_3171.log,-8.7
ligand_3712.log,-7.5
ligand_3417.log,-8.5
ligand_3482.log,-7.9
ligand_4039.log,-11.0
ligand_3810.log,-10.0
ligand_3153.log,-9.4
ligand_3485.log,-7.4
ligand_3416.log,-9.9
ligand_3702.log,-10.8
ligand_361.log,-8.5
ligand_3935.log,26.2
ligand_4040.log,-9.5
ligand_3811.log,-9.0
ligand_3414.log,-9.4
ligand_3169.log,-10.4
ligand_403.log,-4.6
ligand_3498.log,-2.2
ligand_3722.log,-6.8
ligand_3930.log,25.1
ligand_3808.log,-11.3
ligand_3711.log,-8.2
ligand_3616.log,-8.9
ligand_4041.log,-8.2
ligand_3412.log,-9.2
ligand_3952.log,-2.3
ligand_3150.log,-8.6
ligand_3488.log,-8.2
ligand_4047.log,-9.5
ligand_3720.log,-5.7
ligand_3931.log,-7.7
ligand_3418.log,-8.9
ligand_3838.log,-8.3
ligand_3617.log,-8.0
ligand_3152.log,-9.5
ligand_4046.log,-6.1
ligand_3494.log,-9.3
ligand_371.log,20.1
ligand_3934.log,-2.6
ligand_3419.log,-9.9
ligand_3841.log,-4.6
ligand_3162.log,-8.8
ligand_3721.log,-6.1
ligand_3493.log,-10.4
ligand_3614.log,-8.9
ligand_4049.log,-8.6
ligand_3948.log,8.0
ligand_3167.log,-2.5
ligand_3723.log,-3.7
ligand_3415.log,-10.5
ligand_3842.log,-6.9
ligand_4043.log,-8.0
ligand_3944.log,1.3
ligand_3492.log,4.7
ligand_3615.log,-9.1
ligand_4044.log,-8.2
ligand_3946.log,-4.2
ligand_3165.log,-3.7
ligand_341.log,-7.9
ligand_3719.log,2.1
ligand_3848.log,-11.2
ligand_3486.log,-6.5
ligand_4050.log,-8.5
ligand_3947.log,8.2
ligand_3621.log,-9.0
ligand_315.log,-8.6
ligand_370.log,-7.5
ligand_3429.log,-10.0
ligand_3156.log,-8.8
ligand_4048.log,-8.1
ligand_3940.log,-8.3
ligand_3870.log,-8.3
ligand_3501.log,-6.9
ligand_3941.log,-7.3
ligand_3709.log,-7.8
ligand_3620.log,-7.7
ligand_4052.log,-6.8
ligand_3427.log,-5.4
ligand_3949.log,-4.8
ligand_385.log,-8.6
ligand_4051.log,-7.0
ligand_3168.log,-11.1
ligand_3491.log,-9.8
ligand_3933.log,-9.7
ligand_3708.log,-8.8
ligand_404.log,-5.3
ligand_3849.log,-2.6
ligand_3424.log,-9.9
ligand_3623.log,-8.2
ligand_3157.log,-10.9
ligand_3489.log,-9.1
ligand_4042.log,-8.2
ligand_3724.log,-9.2
ligand_3435.log,-8.7
ligand_3845.log,-10.4
ligand_3624.log,-8.4
ligand_4045.log,-8.7
ligand_3951.log,-5.3
ligand_3163.log,-3.7
ligand_3499.log,-7.6
ligand_3727.log,-9.1
ligand_3626.log,-8.7
ligand_4054.log,-9.1
ligand_3850.log,-8.7
ligand_342.log,19.4
ligand_3950.log,-6.5
ligand_3172.log,-8.3
ligand_3844.log,-9.2
ligand_3495.log,-8.9
ligand_4060.log,-5.8
ligand_394.log,-3.8
ligand_3428.log,-4.9
ligand_3627.log,10.1
ligand_3174.log,-8.7
ligand_3729.log,-8.7
ligand_3847.log,-10.5
ligand_4056.log,-6.6
ligand_3497.log,-9.4
ligand_3954.log,-4.8
ligand_3177.log,-7.1
ligand_3425.log,-4.0
ligand_3726.log,-8.3
ligand_3953.log,26.5
ligand_3628.log,-7.0
ligand_384.log,-7.1
ligand_4065.log,-9.2
ligand_3839.log,-4.6
ligand_3490.log,-8.1
ligand_3175.log,4.1
ligand_3433.log,-8.2
ligand_3966.log,-8.9
ligand_3737.log,-9.0
ligand_3622.log,-7.8
ligand_3873.log,-9.3
ligand_4064.log,-8.4
ligand_3500.log,-10.5
ligand_3426.log,-8.6
ligand_3176.log,3.8
ligand_3725.log,-9.2
ligand_3959.log,-8.7
ligand_3625.log,-5.7
ligand_3871.log,-8.7
ligand_3173.log,-8.6
ligand_3957.log,-9.7
ligand_317.log,-3.8
ligand_4063.log,-6.9
ligand_3431.log,-8.8
ligand_3496.log,-2.8
ligand_3733.log,-8.8
ligand_3618.log,-8.8
ligand_3889.log,-8.1
ligand_3184.log,-3.0
ligand_3730.log,-8.1
ligand_4058.log,-8.8
ligand_3438.log,-5.7
ligand_3505.log,-10.9
ligand_3885.log,-9.3
ligand_3619.log,-8.5
ligand_3964.log,-6.4
ligand_3736.log,-9.6
ligand_4059.log,-8.7
ligand_3187.log,7.6
ligand_388.log,2.9
ligand_3507.log,-10.1
ligand_3434.log,-8.7
ligand_3738.log,-7.9
ligand_3640.log,6.9
ligand_3181.log,4.2
ligand_395.log,-2.2
ligand_3884.log,-6.7
ligand_4071.log,-8.2
ligand_3732.log,-7.8
ligand_3503.log,-10.1
ligand_3874.log,-9.0
ligand_3432.log,-10.8
ligand_3642.log,-8.8
ligand_3179.log,-10.1
ligand_4070.log,-8.8
ligand_3967.log,-7.8
ligand_3882.log,-8.1
ligand_3734.log,-9.5
ligand_4068.log,-8.0
ligand_3437.log,-7.3
ligand_3183.log,2.1
ligand_3962.log,-9.9
ligand_3641.log,-9.3
ligand_3728.log,-9.6
ligand_3504.log,-10.5
ligand_3880.log,-8.7
ligand_4066.log,-8.0
ligand_3178.log,5.5
ligand_3430.log,-8.6
ligand_3888.log,-8.3
ligand_4069.log,-7.5
ligand_3968.log,-9.3
ligand_362.log,-8.8
ligand_3739.log,-10.0
ligand_3890.log,-7.6
ligand_3502.log,-9.1
ligand_4067.log,-7.8
ligand_3958.log,-9.1
ligand_3436.log,-7.4
ligand_4072.log,-8.2
ligand_3182.log,-1.2
ligand_372.log,-7.2
ligand_3872.log,-10.0
ligand_3513.log,-9.6
ligand_3637.log,-8.6
ligand_4057.log,-7.4
ligand_3735.log,-9.5
ligand_3955.log,11.0
ligand_3439.log,-10.3
ligand_3188.log,-10.2
ligand_3629.log,-7.5
ligand_3960.log,-8.6
ligand_3883.log,-2.3
ligand_3745.log,26.9
ligand_4082.log,-9.3
ligand_3510.log,-9.1
ligand_343.log,-2.0
ligand_3963.log,-6.2
ligand_3180.log,-9.6
ligand_3879.log,-3.8
ligand_3638.log,-10.0
ligand_373.log,3.9
ligand_4075.log,-5.8
ligand_3512.log,-9.6
ligand_3630.log,-9.6
ligand_3200.log,-6.3
ligand_3446.log,-9.0
ligand_3881.log,-8.0
ligand_3961.log,-7.1
ligand_3192.log,4.0
ligand_3756.log,-6.3
ligand_3516.log,-9.5
ligand_3904.log,1.2
ligand_3441.log,-9.6
ligand_364.log,-8.9
ligand_4073.log,-7.2
ligand_3752.log,2.7
ligand_3965.log,-8.9
ligand_3198.log,-5.0
ligand_4083.log,-7.1
ligand_3199.log,-5.9
ligand_320.log,-5.8
ligand_3910.log,-6.6
ligand_374.log,-9.5
ligand_3509.log,-8.9
ligand_3445.log,-9.9
ligand_3654.log,-7.8
ligand_3972.log,-9.8
ligand_3749.log,-5.4
ligand_4086.log,-6.5
ligand_3191.log,9.4
ligand_3639.log,-9.0
ligand_38.log,-8.6
ligand_375.log,11.9
ligand_3506.log,-6.9
ligand_396.log,-5.7
ligand_3442.log,-6.5
ligand_3189.log,1.0
ligand_3653.log,-9.5
ligand_4085.log,-7.4
ligand_3891.log,-6.4
ligand_3517.log,-9.1
ligand_3763.log,-10.7
ligand_3971.log,-10.0
ligand_3443.log,-9.0
ligand_3652.log,-9.0
ligand_4088.log,-9.3
ligand_3905.log,-8.7
ligand_3194.log,3.1
ligand_3970.log,-7.1
ligand_3511.log,-10.0
ligand_363.log,-9.6
ligand_3440.log,-9.1
ligand_321.log,-7.9
ligand_3899.log,-8.5
ligand_4074.log,-7.3
ligand_3751.log,-7.6
ligand_3969.log,-9.3
ligand_3201.log,13.2
ligand_3515.log,-7.8
ligand_4080.log,-6.6
ligand_3444.log,-9.0
ligand_3906.log,-8.7
ligand_3631.log,-8.0
ligand_3757.log,0.7
ligand_3978.log,-10.2
ligand_4081.log,-9.7
ligand_318.log,-9.5
ligand_3750.log,-6.8
ligand_4110.log,-8.9
ligand_3447.log,-8.8
ligand_3977.log,11.6
ligand_3190.log,-1.2
ligand_3514.log,-9.2
ligand_4091.log,-8.6
ligand_3656.log,-8.9
ligand_4111.log,-8.9
ligand_3976.log,-9.3
ligand_3744.log,18.7
ligand_4253.log,-0.1
ligand_3508.log,-9.6
ligand_3449.log,-9.0
ligand_4119.log,-7.1
ligand_3980.log,-9.8
ligand_3764.log,-9.2
ligand_4084.log,-6.0
ligand_3657.log,-7.8
ligand_4254.log,0.0
ligand_4116.log,-6.4
ligand_3973.log,-9.3
ligand_4381.log,-10.6
ligand_3519.log,-8.3
ligand_4117.log,-3.3
ligand_4090.log,-10.0
ligand_4234.log,-8.4
ligand_3668.log,-5.9
ligand_3758.log,2.3
ligand_397.log,1.2
ligand_4112.log,-8.2
ligand_4249.log,-6.5
ligand_3518.log,-9.7
ligand_3765.log,-8.3
ligand_4087.log,-10.5
ligand_365.log,-9.7
ligand_4379.log,-10.8
ligand_4114.log,-5.4
ligand_3975.log,-9.6
ligand_4255.log,4.0
ligand_4120.log,-6.3
ligand_4089.log,-9.7
ligand_4374.log,-10.6
ligand_3981.log,-9.8
ligand_3520.log,-8.7
ligand_3659.log,-8.6
ligand_4122.log,-7.7
ligand_3773.log,-11.4
ligand_4252.log,1.1
ligand_3661.log,-7.9
ligand_4362.log,-4.1
ligand_3979.log,-8.3
ligand_4092.log,-7.4
ligand_4121.log,-4.3
ligand_3525.log,-8.6
ligand_4251.log,-3.5
ligand_3669.log,-6.0
ligand_3774.log,-10.0
ligand_4370.log,-4.8
ligand_4124.log,-8.8
ligand_3974.log,-9.3
ligand_4094.log,1.3
ligand_4238.log,-6.5
ligand_3521.log,-9.4
ligand_4378.log,-10.8
ligand_3658.log,-7.8
ligand_377.log,-7.5
ligand_3982.log,-10.4
ligand_3672.log,-2.0
ligand_4235.log,-10.0
ligand_4098.log,-5.6
ligand_4130.log,-6.0
ligand_4373.log,-9.0
ligand_351.log,-8.2
ligand_3987.log,-8.1
ligand_4128.log,-8.2
ligand_3769.log,-10.2
ligand_4093.log,10.2
ligand_4256.log,-2.9
ligand_3662.log,-8.3
ligand_3994.log,-8.7
ligand_4380.log,-11.2
ligand_4133.log,-8.4
ligand_4518.log,-9.5
ligand_4248.log,-7.8
ligand_3983.log,-6.4
ligand_40.log,-8.1
ligand_3522.log,-7.1
ligand_3766.log,-10.3
ligand_4125.log,-8.2
ligand_4371.log,-9.6
ligand_4103.log,0.2
ligand_4521.log,2.0
ligand_3985.log,-7.7
ligand_3529.log,-9.2
ligand_4250.log,-7.3
ligand_4104.log,1.0
ligand_3984.log,-5.8
ligand_4375.log,-9.4
ligand_3772.log,-8.5
ligand_4539.log,-7.8
ligand_4134.log,-1.9
ligand_4105.log,7.9
ligand_4258.log,-6.3
ligand_3528.log,-9.3
ligand_4376.log,-10.7
ligand_399.log,-8.8
ligand_4538.log,0.8
ligand_4099.log,-9.7
ligand_3770.log,-11.5
ligand_4126.log,-7.4
ligand_4262.log,-8.4
ligand_4106.log,-6.5
ligand_3530.log,-9.2
ligand_4377.log,-12.0
ligand_4540.log,2.1
ligand_3988.log,-8.5
ligand_4537.log,-9.2
ligand_4097.log,-5.4
ligand_3992.log,-4.5
ligand_4663.log,-9.1
ligand_4129.log,-4.0
ligand_3523.log,-8.0
ligand_4257.log,-6.9
ligand_4372.log,-10.2
ligand_4136.log,-7.7
ligand_4108.log,6.1
ligand_398.log,-3.8
ligand_4523.log,-6.9
ligand_4660.log,-8.7
ligand_4102.log,0.1
ligand_4263.log,-6.2
ligand_4383.log,-10.7
ligand_4135.log,-9.1
ligand_3531.log,-9.3
ligand_4101.log,-1.0
ligand_4002.log,-5.6
ligand_4536.log,-10.8
ligand_4096.log,-7.6
ligand_4127.log,-7.9
ligand_4671.log,-6.8
ligand_3986.log,-7.6
ligand_4131.log,-6.5
